#
# There is insufficient memory for the Java Runtime Environment to continue.
# Native memory allocation (mmap) failed to map 30408704 bytes for G1 virtual space
# Possible reasons:
#   The system is out of physical RAM or swap space
#   The process is running with CompressedOops enabled, and the Java Heap may be blocking the growth of the native heap
# Possible solutions:
#   Reduce memory load on the system
#   Increase physical memory or swap space
#   Check if swap backing store is full
#   Decrease Java heap size (-Xmx/-Xms)
#   Decrease number of Java threads
#   Decrease Java thread stack sizes (-Xss)
#   Set larger code cache with -XX:ReservedCodeCacheSize=
#   JVM is running with Unscaled Compressed Oops mode in which the Java heap is
#     placed in the first 4GB address space. The Java Heap base address is the
#     maximum limit for the native heap growth. Please use -XX:HeapBaseMinAddress
#     to set the Java Heap base and to place the Java Heap above 4GB virtual address.
# This output file may be truncated or incomplete.
#
#  Out of Memory Error (os_windows.cpp:3548), pid=16588, tid=6008
#
# JRE version: Java(TM) SE Runtime Environment (17.0.12+8) (build 17.0.12+8-LTS-286)
# Java VM: Java HotSpot(TM) 64-Bit Server VM (17.0.12+8-LTS-286, mixed mode, sharing, tiered, compressed oops, compressed class ptrs, g1 gc, windows-amd64)
# No core dump will be written. Minidumps are not enabled by default on client versions of Windows
#

---------------  S U M M A R Y ------------

Command Line: --add-opens=java.base/java.util=ALL-UNNAMED --add-opens=java.base/java.lang=ALL-UNNAMED --add-opens=java.base/java.lang.invoke=ALL-UNNAMED --add-opens=java.prefs/java.util.prefs=ALL-UNNAMED --add-exports=jdk.compiler/com.sun.tools.javac.api=ALL-UNNAMED --add-exports=jdk.compiler/com.sun.tools.javac.util=ALL-UNNAMED --add-opens=java.base/java.nio.charset=ALL-UNNAMED --add-opens=java.base/java.net=ALL-UNNAMED --add-opens=java.base/java.util.concurrent.atomic=ALL-UNNAMED -Xmx2048m -Dfile.encoding=UTF-8 -Duser.country=US -Duser.language=en -Duser.variant -javaagent:C:\Users\Imesh\.gradle\wrapper\dists\gradle-8.9-bin\90cnw93cvbtalezasaz0blq0a\gradle-8.9\lib\agents\gradle-instrumentation-agent-8.9.jar org.gradle.launcher.daemon.bootstrap.GradleDaemon 8.9

Host: 11th Gen Intel(R) Core(TM) i5-11400H @ 2.70GHz, 12 cores, 15G,  Windows 11 , 64 bit Build 26100 (10.0.26100.8875)
Time: Sat Aug  8 08:50:18 2026 Sri Lanka Standard Time elapsed time: 23.800256 seconds (0d 0h 0m 23s)

---------------  T H R E A D  ---------------

Current thread (0x00000253c9ab85b0):  VMThread "VM Thread" [stack: 0x0000007266900000,0x0000007266a00000] [id=6008]

Stack: [0x0000007266900000,0x0000007266a00000]
Native frames: (J=compiled Java code, j=interpreted, Vv=VM code, C=native code)
V  [jvm.dll+0x67a04a]
V  [jvm.dll+0x7da4ed]
V  [jvm.dll+0x7dbe33]
V  [jvm.dll+0x7dc4a3]
V  [jvm.dll+0x24508f]
V  [jvm.dll+0x677089]
V  [jvm.dll+0x66bd32]
V  [jvm.dll+0x301fa6]
V  [jvm.dll+0x309546]
V  [jvm.dll+0x359d2e]
V  [jvm.dll+0x359f5f]
V  [jvm.dll+0x2d9078]
V  [jvm.dll+0x2dc0e6]
V  [jvm.dll+0x2e67eb]
V  [jvm.dll+0x31a870]
V  [jvm.dll+0x7e0d9b]
V  [jvm.dll+0x7e1ad4]
V  [jvm.dll+0x7e1fed]
V  [jvm.dll+0x7e23c4]
V  [jvm.dll+0x7e2490]
V  [jvm.dll+0x78abea]
V  [jvm.dll+0x678f35]
C  [ucrtbase.dll+0x2cd30]
C  [KERNEL32.DLL+0x2e957]
C  [ntdll.dll+0xaad6c]

VM_Operation (0x00000072665ff4d0): G1Concurrent, mode: safepoint, requested by thread 0x00000253ab458980


---------------  P R O C E S S  ---------------

Threads class SMR info:
_java_thread_list=0x00000254151bf5f0, length=210, elements={
0x00000253ab3edfb0, 0x00000253c9aba8a0, 0x00000253c9abcef0, 0x00000253c9acee40,
0x00000253c9acf710, 0x00000253c9ad0b50, 0x00000253c9ad1f90, 0x00000253c9ad4320,
0x00000253c9ae0780, 0x00000253c9ae1c00, 0x00000253c9c12930, 0x00000253c9cc8e70,
0x00000254109e7cc0, 0x000002540ffc1090, 0x000002540f82dda0, 0x000002540f42bde0,
0x000002540f3729a0, 0x000002540fac2f80, 0x000002540fac3490, 0x000002540fac2560,
0x000002540fac1120, 0x000002540fac39a0, 0x000002540fac3eb0, 0x000002540fac43c0,
0x000002540fac2a70, 0x000002540fac1630, 0x000002540fac48d0, 0x0000025413416210,
0x0000025413416c30, 0x0000025413417140, 0x0000025413413990, 0x00000254134152e0,
0x0000025413415d00, 0x00000254134157f0, 0x0000025413418a90, 0x0000025413418070,
0x0000025413419ed0, 0x000002541341ae00, 0x0000025413418fa0, 0x00000254134194b0,
0x000002541341b310, 0x00000254134199c0, 0x000002541341a3e0, 0x000002541341a8f0,
0x000002540fac1b40, 0x000002540fac2050, 0x000002541456cd00, 0x000002541456d210,
0x000002541456c7f0, 0x000002541456a480, 0x000002541456bdd0, 0x0000025414569f70,
0x000002541456aea0, 0x000002541456b3b0, 0x000002541456d720, 0x000002541456dc30,
0x000002541456b8c0, 0x000002541456c2e0, 0x000002541456e140, 0x000002541456a990,
0x00000254145709c0, 0x0000025414570ed0, 0x000002541456e650, 0x00000254145713e0,
0x00000254145718f0, 0x000002541456fa90, 0x000002541456eb60, 0x000002541456f070,
0x000002541456f580, 0x000002541456ffa0, 0x00000254145704b0, 0x0000025411e55670,
0x0000025411e53d20, 0x0000025411e55160, 0x0000025411e565a0, 0x0000025411e56fc0,
0x0000025411e574d0, 0x0000025411e579e0, 0x0000025411e54c50, 0x0000025411e54230,
0x0000025411e5ac80, 0x0000025411e58e20, 0x0000025411e58910, 0x0000025411e58400,
0x0000025411e59330, 0x0000025411e5a260, 0x0000025411e57ef0, 0x0000025411e59840,
0x0000025411e5a770, 0x0000025411e59d50, 0x0000025411e5b190, 0x0000025411e5b6a0,
0x0000025411e24c00, 0x0000025411e25620, 0x0000025411e246f0, 0x0000025411e26550,
0x0000025411e26f70, 0x0000025411e23cd0, 0x0000025411e25b30, 0x0000025411e25110,
0x0000025411e27480, 0x0000025411e26a60, 0x0000025411e241e0, 0x0000025411e283b0,
0x0000025411e28dd0, 0x0000025411e27990, 0x0000025411e27ea0, 0x0000025411e292e0,
0x0000025411e297f0, 0x0000025411e26040, 0x0000025411e29d00, 0x0000025411e2ac30,
0x0000025411e2a210, 0x0000025411e2b140, 0x0000025411e2a720, 0x0000025411e2b650,
0x00000254128a4700, 0x00000254128a5120, 0x00000254128a3ce0, 0x00000254128a5630,
0x00000254128a6560, 0x00000254128a4c10, 0x00000254128a6f80, 0x00000254128a37d0,
0x00000254128a5b40, 0x00000254128a6a70, 0x00000254128a41f0, 0x00000254128a6050,
0x0000025410131f20, 0x0000025410133360, 0x000002541012fbb0, 0x0000025410131a10,
0x0000025410132430, 0x0000025410132940, 0x0000025410132e50, 0x0000025410133870,
0x00000254101305d0, 0x0000025410130ae0, 0x00000254101300c0, 0x0000025410131500,
0x0000025410130ff0, 0x00000254101347a0, 0x0000025410134cb0, 0x00000254101360f0,
0x00000254101351c0, 0x0000025410136b10, 0x0000025410137020, 0x00000254101356d0,
0x0000025410135be0, 0x0000025410136600, 0x0000025410137530, 0x0000025410134290,
0x00000254157ff290, 0x00000254157fde50, 0x00000254157fbff0, 0x00000254157ff7a0,
0x00000254157fed80, 0x00000254157fe360, 0x00000254157ffcb0, 0x00000254157fd940,
0x00000254157fc500, 0x00000254158001c0, 0x00000254157fd430, 0x00000254157fe870,
0x00000254157fca10, 0x00000254158006d0, 0x00000254157fcf20, 0x0000025415800be0,
0x0000025415802a40, 0x00000254158010f0, 0x0000025415802020, 0x0000025415802530,
0x0000025415803970, 0x0000025415803460, 0x0000025415802f50, 0x0000025415801600,
0x0000025415801b10, 0x0000025410133d80, 0x0000025413220390, 0x000002541321d600,
0x000002541321db10, 0x000002541321e530, 0x00000254120ce550, 0x00000254120cf540,
0x000002541321e020, 0x000002541321ef50, 0x000002541321f970, 0x000002541321fe80,
0x00000254132208a0, 0x000002541321d0f0, 0x0000025413223630, 0x0000025413224560,
0x00000254132217d0, 0x0000025413222700, 0x0000025413222c10, 0x00000254132221f0,
0x0000025413223120, 0x0000025413223b40, 0x0000025413220db0, 0x00000254132212c0,
0x0000025413221ce0, 0x0000025413224050, 0x00000254153ccf00, 0x00000254153cc4e0,
0x00000254153cd920, 0x00000254153cd410, 0x00000254153ce340, 0x00000254153cb0a0,
0x00000254153cf780, 0x00000254153d06b0
}

Java Threads: ( => current thread )
  0x00000253ab3edfb0 JavaThread "main" [_thread_blocked, id=9536, stack(0x0000007266300000,0x0000007266400000)]
  0x00000253c9aba8a0 JavaThread "Reference Handler" daemon [_thread_blocked, id=23368, stack(0x0000007266a00000,0x0000007266b00000)]
  0x00000253c9abcef0 JavaThread "Finalizer" daemon [_thread_blocked, id=25964, stack(0x0000007266b00000,0x0000007266c00000)]
  0x00000253c9acee40 JavaThread "Signal Dispatcher" daemon [_thread_blocked, id=13016, stack(0x0000007266c00000,0x0000007266d00000)]
  0x00000253c9acf710 JavaThread "Attach Listener" daemon [_thread_blocked, id=6756, stack(0x0000007266d00000,0x0000007266e00000)]
  0x00000253c9ad0b50 JavaThread "Service Thread" daemon [_thread_blocked, id=25716, stack(0x0000007266e00000,0x0000007266f00000)]
  0x00000253c9ad1f90 JavaThread "Monitor Deflation Thread" daemon [_thread_blocked, id=10180, stack(0x0000007266f00000,0x0000007267000000)]
  0x00000253c9ad4320 JavaThread "C2 CompilerThread0" daemon [_thread_blocked, id=23416, stack(0x0000007267000000,0x0000007267100000)]
  0x00000253c9ae0780 JavaThread "C1 CompilerThread0" daemon [_thread_blocked, id=13740, stack(0x0000007267100000,0x0000007267200000)]
  0x00000253c9ae1c00 JavaThread "Sweeper thread" daemon [_thread_blocked, id=22328, stack(0x0000007267200000,0x0000007267300000)]
  0x00000253c9c12930 JavaThread "Common-Cleaner" daemon [_thread_blocked, id=21200, stack(0x0000007267300000,0x0000007267400000)]
  0x00000253c9cc8e70 JavaThread "Notification Thread" daemon [_thread_blocked, id=28220, stack(0x0000007267400000,0x0000007267500000)]
  0x00000254109e7cc0 JavaThread "Daemon health stats" [_thread_blocked, id=26948, stack(0x0000007267700000,0x0000007267800000)]
  0x000002540ffc1090 JavaThread "Incoming local TCP Connector on port 21382" [_thread_in_native, id=9148, stack(0x0000007267d00000,0x0000007267e00000)]
  0x000002540f82dda0 JavaThread "Daemon periodic checks" [_thread_blocked, id=18284, stack(0x0000007267e00000,0x0000007267f00000)]
  0x000002540f42bde0 JavaThread "Daemon" [_thread_blocked, id=15064, stack(0x0000007267f00000,0x0000007268000000)]
  0x000002540f3729a0 JavaThread "Handler for socket connection from /127.0.0.1:21382 to /127.0.0.1:21383" [_thread_in_native, id=18464, stack(0x0000007268000000,0x0000007268100000)]
  0x000002540fac2f80 JavaThread "Cancel handler" [_thread_blocked, id=9288, stack(0x0000007268100000,0x0000007268200000)]
  0x000002540fac3490 JavaThread "Daemon worker" [_thread_blocked, id=9472, stack(0x0000007268200000,0x0000007268300000)]
  0x000002540fac2560 JavaThread "Asynchronous log dispatcher for DefaultDaemonConnection: socket connection from /127.0.0.1:21382 to /127.0.0.1:21383" [_thread_blocked, id=23836, stack(0x0000007268300000,0x0000007268400000)]
  0x000002540fac1120 JavaThread "Stdin handler" [_thread_blocked, id=16856, stack(0x0000007268400000,0x0000007268500000)]
  0x000002540fac39a0 JavaThread "Daemon client event forwarder" [_thread_blocked, id=24428, stack(0x0000007268500000,0x0000007268600000)]
  0x000002540fac3eb0 JavaThread "Cache worker for journal cache (C:\Users\Imesh\.gradle\caches\journal-1)" [_thread_blocked, id=2996, stack(0x0000007268600000,0x0000007268700000)]
  0x000002540fac43c0 JavaThread "File lock request listener" [_thread_in_native, id=14276, stack(0x0000007268700000,0x0000007268800000)]
  0x000002540fac2a70 JavaThread "Cache worker for file hash cache (C:\Users\Imesh\.gradle\caches\8.9\fileHashes)" [_thread_blocked, id=17320, stack(0x0000007268800000,0x0000007268900000)]
  0x000002540fac1630 JavaThread "Cache worker for file hash cache (C:\Users\Imesh\AndroidStudioProjects\ECommerceApp\.gradle\8.9\fileHashes)" [_thread_blocked, id=28328, stack(0x0000007268a00000,0x0000007268b00000)]
  0x000002540fac48d0 JavaThread "Cache worker for Build Output Cleanup Cache (C:\Users\Imesh\AndroidStudioProjects\ECommerceApp\.gradle\buildOutputCleanup)" [_thread_blocked, id=17008, stack(0x0000007268b00000,0x0000007268c00000)]
  0x0000025413416210 JavaThread "File watcher server" daemon [_thread_blocked, id=20364, stack(0x0000007269200000,0x0000007269300000)]
  0x0000025413416c30 JavaThread "File watcher consumer" daemon [_thread_blocked, id=27116, stack(0x0000007269300000,0x0000007269400000)]
  0x0000025413417140 JavaThread "Cache worker for checksums cache (C:\Users\Imesh\AndroidStudioProjects\ECommerceApp\.gradle\8.9\checksums)" [_thread_blocked, id=22352, stack(0x0000007269400000,0x0000007269500000)]
  0x0000025413413990 JavaThread "Cache worker for file content cache (C:\Users\Imesh\.gradle\caches\8.9\fileContent)" [_thread_blocked, id=3356, stack(0x0000007269500000,0x0000007269600000)]
  0x00000254134152e0 JavaThread "Cache worker for cache directory md-rule (C:\Users\Imesh\.gradle\caches\8.9\md-rule)" [_thread_blocked, id=22200, stack(0x0000007269600000,0x0000007269700000)]
  0x0000025413415d00 JavaThread "Cache worker for cache directory md-supplier (C:\Users\Imesh\.gradle\caches\8.9\md-supplier)" [_thread_blocked, id=9296, stack(0x0000007269700000,0x0000007269800000)]
  0x00000254134157f0 JavaThread "jar transforms" [_thread_blocked, id=15740, stack(0x0000007269800000,0x0000007269900000)]
  0x0000025413418a90 JavaThread "jar transforms Thread 2" [_thread_blocked, id=24784, stack(0x0000007269900000,0x0000007269a00000)]
  0x0000025413418070 JavaThread "jar transforms Thread 3" [_thread_blocked, id=11520, stack(0x0000007269a00000,0x0000007269b00000)]
  0x0000025413419ed0 JavaThread "Unconstrained build operations" [_thread_blocked, id=23136, stack(0x0000007269c00000,0x0000007269d00000)]
  0x000002541341ae00 JavaThread "Unconstrained build operations Thread 2" [_thread_blocked, id=22784, stack(0x0000007269d00000,0x0000007269e00000)]
  0x0000025413418fa0 JavaThread "Unconstrained build operations Thread 3" [_thread_blocked, id=25552, stack(0x0000007269e00000,0x0000007269f00000)]
  0x00000254134194b0 JavaThread "Unconstrained build operations Thread 4" [_thread_blocked, id=6316, stack(0x0000007269f00000,0x000000726a000000)]
  0x000002541341b310 JavaThread "Unconstrained build operations Thread 5" [_thread_blocked, id=6516, stack(0x000000726a000000,0x000000726a100000)]
  0x00000254134199c0 JavaThread "Unconstrained build operations Thread 6" [_thread_blocked, id=18456, stack(0x000000726a100000,0x000000726a200000)]
  0x000002541341a3e0 JavaThread "Unconstrained build operations Thread 7" [_thread_blocked, id=20536, stack(0x000000726a200000,0x000000726a300000)]
  0x000002541341a8f0 JavaThread "Unconstrained build operations Thread 8" [_thread_blocked, id=24024, stack(0x000000726a300000,0x000000726a400000)]
  0x000002540fac1b40 JavaThread "Unconstrained build operations Thread 9" [_thread_blocked, id=4576, stack(0x000000726a400000,0x000000726a500000)]
  0x000002540fac2050 JavaThread "Unconstrained build operations Thread 10" [_thread_blocked, id=3200, stack(0x000000726a500000,0x000000726a600000)]
  0x000002541456cd00 JavaThread "Unconstrained build operations Thread 11" [_thread_blocked, id=14324, stack(0x000000726a600000,0x000000726a700000)]
  0x000002541456d210 JavaThread "Unconstrained build operations Thread 12" [_thread_blocked, id=21936, stack(0x000000726a700000,0x000000726a800000)]
  0x000002541456c7f0 JavaThread "Unconstrained build operations Thread 13" [_thread_blocked, id=18424, stack(0x000000726a800000,0x000000726a900000)]
  0x000002541456a480 JavaThread "Unconstrained build operations Thread 14" [_thread_blocked, id=15836, stack(0x000000726a900000,0x000000726aa00000)]
  0x000002541456bdd0 JavaThread "Unconstrained build operations Thread 15" [_thread_blocked, id=21108, stack(0x000000726aa00000,0x000000726ab00000)]
  0x0000025414569f70 JavaThread "Unconstrained build operations Thread 16" [_thread_blocked, id=21692, stack(0x000000726ab00000,0x000000726ac00000)]
  0x000002541456aea0 JavaThread "Unconstrained build operations Thread 17" [_thread_blocked, id=15332, stack(0x000000726ac00000,0x000000726ad00000)]
  0x000002541456b3b0 JavaThread "Unconstrained build operations Thread 18" [_thread_blocked, id=21404, stack(0x000000726ad00000,0x000000726ae00000)]
  0x000002541456d720 JavaThread "Unconstrained build operations Thread 19" [_thread_blocked, id=16188, stack(0x000000726ae00000,0x000000726af00000)]
  0x000002541456dc30 JavaThread "Unconstrained build operations Thread 20" [_thread_blocked, id=14956, stack(0x000000726af00000,0x000000726b000000)]
  0x000002541456b8c0 JavaThread "Unconstrained build operations Thread 21" [_thread_blocked, id=12024, stack(0x000000726b000000,0x000000726b100000)]
  0x000002541456c2e0 JavaThread "Unconstrained build operations Thread 22" [_thread_blocked, id=18436, stack(0x000000726b100000,0x000000726b200000)]
  0x000002541456e140 JavaThread "Unconstrained build operations Thread 23" [_thread_blocked, id=26784, stack(0x000000726b200000,0x000000726b300000)]
  0x000002541456a990 JavaThread "Unconstrained build operations Thread 24" [_thread_blocked, id=3288, stack(0x000000726b300000,0x000000726b400000)]
  0x00000254145709c0 JavaThread "Unconstrained build operations Thread 25" [_thread_blocked, id=10668, stack(0x000000726b400000,0x000000726b500000)]
  0x0000025414570ed0 JavaThread "Unconstrained build operations Thread 26" [_thread_blocked, id=24716, stack(0x000000726b500000,0x000000726b600000)]
  0x000002541456e650 JavaThread "Unconstrained build operations Thread 27" [_thread_blocked, id=17464, stack(0x000000726b600000,0x000000726b700000)]
  0x00000254145713e0 JavaThread "Unconstrained build operations Thread 28" [_thread_blocked, id=22792, stack(0x000000726b700000,0x000000726b800000)]
  0x00000254145718f0 JavaThread "Unconstrained build operations Thread 29" [_thread_blocked, id=14920, stack(0x000000726b800000,0x000000726b900000)]
  0x000002541456fa90 JavaThread "Unconstrained build operations Thread 30" [_thread_blocked, id=26356, stack(0x000000726b900000,0x000000726ba00000)]
  0x000002541456eb60 JavaThread "Unconstrained build operations Thread 31" [_thread_blocked, id=28376, stack(0x000000726ba00000,0x000000726bb00000)]
  0x000002541456f070 JavaThread "Unconstrained build operations Thread 32" [_thread_blocked, id=11996, stack(0x000000726bb00000,0x000000726bc00000)]
  0x000002541456f580 JavaThread "Unconstrained build operations Thread 33" [_thread_blocked, id=20352, stack(0x000000726bc00000,0x000000726bd00000)]
  0x000002541456ffa0 JavaThread "jar transforms Thread 4" [_thread_blocked, id=19548, stack(0x000000726bd00000,0x000000726be00000)]
  0x00000254145704b0 JavaThread "jar transforms Thread 5" [_thread_blocked, id=4580, stack(0x000000726be00000,0x000000726bf00000)]
  0x0000025411e55670 JavaThread "Memory manager" [_thread_blocked, id=26576, stack(0x000000726bf00000,0x000000726c000000)]
  0x0000025411e53d20 JavaThread "jar transforms Thread 6" [_thread_blocked, id=19804, stack(0x000000726c000000,0x000000726c100000)]
  0x0000025411e55160 JavaThread "included builds" [_thread_blocked, id=1536, stack(0x000000726c100000,0x000000726c200000)]
  0x0000025411e565a0 JavaThread "Execution worker" [_thread_blocked, id=4516, stack(0x000000726c200000,0x000000726c300000)]
  0x0000025411e56fc0 JavaThread "Execution worker Thread 2" [_thread_blocked, id=27396, stack(0x000000726c300000,0x000000726c400000)]
  0x0000025411e574d0 JavaThread "Execution worker Thread 3" [_thread_blocked, id=18148, stack(0x000000726c400000,0x000000726c500000)]
  0x0000025411e579e0 JavaThread "Execution worker Thread 4" [_thread_blocked, id=19684, stack(0x000000726c500000,0x000000726c600000)]
  0x0000025411e54c50 JavaThread "Execution worker Thread 5" [_thread_blocked, id=20696, stack(0x000000726c600000,0x000000726c700000)]
  0x0000025411e54230 JavaThread "Execution worker Thread 6" [_thread_blocked, id=16944, stack(0x000000726c700000,0x000000726c800000)]
  0x0000025411e5ac80 JavaThread "Execution worker Thread 7" [_thread_blocked, id=19080, stack(0x000000726c800000,0x000000726c900000)]
  0x0000025411e58e20 JavaThread "Execution worker Thread 8" [_thread_blocked, id=20768, stack(0x000000726c900000,0x000000726ca00000)]
  0x0000025411e58910 JavaThread "Execution worker Thread 9" [_thread_blocked, id=17052, stack(0x000000726ca00000,0x000000726cb00000)]
  0x0000025411e58400 JavaThread "Execution worker Thread 10" [_thread_blocked, id=12824, stack(0x000000726cb00000,0x000000726cc00000)]
  0x0000025411e59330 JavaThread "Execution worker Thread 11" [_thread_blocked, id=18356, stack(0x000000726cc00000,0x000000726cd00000)]
  0x0000025411e5a260 JavaThread "Cache worker for execution history cache (C:\Users\Imesh\AndroidStudioProjects\ECommerceApp\.gradle\8.9\executionHistory)" [_thread_blocked, id=20136, stack(0x000000726cd00000,0x000000726ce00000)]
  0x0000025411e57ef0 JavaThread "Unconstrained build operations Thread 34" [_thread_blocked, id=10108, stack(0x000000726ce00000,0x000000726cf00000)]
  0x0000025411e59840 JavaThread "Unconstrained build operations Thread 35" [_thread_blocked, id=8716, stack(0x000000726cf00000,0x000000726d000000)]
  0x0000025411e5a770 JavaThread "Unconstrained build operations Thread 36" [_thread_blocked, id=25508, stack(0x000000726d000000,0x000000726d100000)]
  0x0000025411e59d50 JavaThread "Unconstrained build operations Thread 37" [_thread_blocked, id=5852, stack(0x000000726d100000,0x000000726d200000)]
  0x0000025411e5b190 JavaThread "Unconstrained build operations Thread 38" [_thread_blocked, id=18700, stack(0x000000726d200000,0x000000726d300000)]
  0x0000025411e5b6a0 JavaThread "Unconstrained build operations Thread 39" [_thread_blocked, id=25840, stack(0x000000726d300000,0x000000726d400000)]
  0x0000025411e24c00 JavaThread "Unconstrained build operations Thread 40" [_thread_blocked, id=18412, stack(0x000000726d400000,0x000000726d500000)]
  0x0000025411e25620 JavaThread "Unconstrained build operations Thread 41" [_thread_blocked, id=12300, stack(0x000000726d500000,0x000000726d600000)]
  0x0000025411e246f0 JavaThread "Unconstrained build operations Thread 42" [_thread_blocked, id=28324, stack(0x000000726d600000,0x000000726d700000)]
  0x0000025411e26550 JavaThread "Unconstrained build operations Thread 43" [_thread_blocked, id=28368, stack(0x000000726d700000,0x000000726d800000)]
  0x0000025411e26f70 JavaThread "Unconstrained build operations Thread 44" [_thread_blocked, id=684, stack(0x000000726d800000,0x000000726d900000)]
  0x0000025411e23cd0 JavaThread "Unconstrained build operations Thread 45" [_thread_blocked, id=25132, stack(0x000000726d900000,0x000000726da00000)]
  0x0000025411e25b30 JavaThread "Unconstrained build operations Thread 46" [_thread_blocked, id=13996, stack(0x000000726da00000,0x000000726db00000)]
  0x0000025411e25110 JavaThread "Unconstrained build operations Thread 47" [_thread_blocked, id=24744, stack(0x000000726db00000,0x000000726dc00000)]
  0x0000025411e27480 JavaThread "Unconstrained build operations Thread 48" [_thread_blocked, id=13912, stack(0x000000726dc00000,0x000000726dd00000)]
  0x0000025411e26a60 JavaThread "Unconstrained build operations Thread 49" [_thread_blocked, id=16912, stack(0x000000726dd00000,0x000000726de00000)]
  0x0000025411e241e0 JavaThread "Unconstrained build operations Thread 50" [_thread_blocked, id=24804, stack(0x000000726de00000,0x000000726df00000)]
  0x0000025411e283b0 JavaThread "Unconstrained build operations Thread 51" [_thread_blocked, id=17948, stack(0x000000726df00000,0x000000726e000000)]
  0x0000025411e28dd0 JavaThread "Unconstrained build operations Thread 52" [_thread_blocked, id=14380, stack(0x000000726e000000,0x000000726e100000)]
  0x0000025411e27990 JavaThread "Unconstrained build operations Thread 53" [_thread_blocked, id=21292, stack(0x000000726e100000,0x000000726e200000)]
  0x0000025411e27ea0 JavaThread "Unconstrained build operations Thread 54" [_thread_blocked, id=23152, stack(0x000000726e200000,0x000000726e300000)]
  0x0000025411e292e0 JavaThread "Unconstrained build operations Thread 55" [_thread_blocked, id=5796, stack(0x000000726e300000,0x000000726e400000)]
  0x0000025411e297f0 JavaThread "WorkerExecutor Queue" [_thread_blocked, id=14280, stack(0x000000726e800000,0x000000726e900000)]
  0x0000025411e26040 JavaThread "Unconstrained build operations Thread 56" [_thread_blocked, id=18824, stack(0x000000726e900000,0x000000726ea00000)]
  0x0000025411e29d00 JavaThread "WorkerExecutor Queue Thread 2" [_thread_blocked, id=18288, stack(0x000000726ea00000,0x000000726eb00000)]
  0x0000025411e2ac30 JavaThread "Unconstrained build operations Thread 57" [_thread_blocked, id=7916, stack(0x000000726eb00000,0x000000726ec00000)]
  0x0000025411e2a210 JavaThread "Unconstrained build operations Thread 58" [_thread_blocked, id=17292, stack(0x000000726ec00000,0x000000726ed00000)]
  0x0000025411e2b140 JavaThread "Unconstrained build operations Thread 59" [_thread_blocked, id=10264, stack(0x000000726ed00000,0x000000726ee00000)]
  0x0000025411e2a720 JavaThread "Unconstrained build operations Thread 60" [_thread_blocked, id=27772, stack(0x000000726ee00000,0x000000726ef00000)]
  0x0000025411e2b650 JavaThread "Unconstrained build operations Thread 61" [_thread_blocked, id=12172, stack(0x000000726ef00000,0x000000726f000000)]
  0x00000254128a4700 JavaThread "Unconstrained build operations Thread 62" [_thread_blocked, id=21784, stack(0x000000726f000000,0x000000726f100000)]
  0x00000254128a5120 JavaThread "Unconstrained build operations Thread 63" [_thread_blocked, id=16828, stack(0x000000726f100000,0x000000726f200000)]
  0x00000254128a3ce0 JavaThread "Unconstrained build operations Thread 64" [_thread_blocked, id=27504, stack(0x000000726f200000,0x000000726f300000)]
  0x00000254128a5630 JavaThread "Unconstrained build operations Thread 65" [_thread_blocked, id=24964, stack(0x000000726f300000,0x000000726f400000)]
  0x00000254128a6560 JavaThread "Unconstrained build operations Thread 66" [_thread_blocked, id=26512, stack(0x000000726f400000,0x000000726f500000)]
  0x00000254128a4c10 JavaThread "Unconstrained build operations Thread 67" [_thread_blocked, id=10992, stack(0x000000726f500000,0x000000726f600000)]
  0x00000254128a6f80 JavaThread "Unconstrained build operations Thread 68" [_thread_blocked, id=17812, stack(0x000000726f600000,0x000000726f700000)]
  0x00000254128a37d0 JavaThread "Unconstrained build operations Thread 69" [_thread_blocked, id=25300, stack(0x000000726f700000,0x000000726f800000)]
  0x00000254128a5b40 JavaThread "Unconstrained build operations Thread 70" [_thread_blocked, id=24424, stack(0x000000726f800000,0x000000726f900000)]
  0x00000254128a6a70 JavaThread "Unconstrained build operations Thread 71" [_thread_blocked, id=24596, stack(0x000000726f900000,0x000000726fa00000)]
  0x00000254128a41f0 JavaThread "Unconstrained build operations Thread 72" [_thread_blocked, id=18728, stack(0x000000726fa00000,0x000000726fb00000)]
  0x00000254128a6050 JavaThread "Unconstrained build operations Thread 73" [_thread_blocked, id=28188, stack(0x000000726fb00000,0x000000726fc00000)]
  0x0000025410131f20 JavaThread "Unconstrained build operations Thread 74" [_thread_blocked, id=20864, stack(0x000000726fc00000,0x000000726fd00000)]
  0x0000025410133360 JavaThread "Unconstrained build operations Thread 75" [_thread_blocked, id=16548, stack(0x000000726fd00000,0x000000726fe00000)]
  0x000002541012fbb0 JavaThread "Unconstrained build operations Thread 76" [_thread_blocked, id=21220, stack(0x000000726fe00000,0x000000726ff00000)]
  0x0000025410131a10 JavaThread "Unconstrained build operations Thread 77" [_thread_blocked, id=13116, stack(0x000000726ff00000,0x0000007270000000)]
  0x0000025410132430 JavaThread "Unconstrained build operations Thread 78" [_thread_blocked, id=27820, stack(0x0000007270000000,0x0000007270100000)]
  0x0000025410132940 JavaThread "WorkerExecutor Queue Thread 3" [_thread_blocked, id=17952, stack(0x0000007270100000,0x0000007270200000)]
  0x0000025410132e50 JavaThread "Unconstrained build operations Thread 79" [_thread_blocked, id=9960, stack(0x0000007270200000,0x0000007270300000)]
  0x0000025410133870 JavaThread "Unconstrained build operations Thread 80" [_thread_blocked, id=16968, stack(0x0000007270300000,0x0000007270400000)]
  0x00000254101305d0 JavaThread "Unconstrained build operations Thread 81" [_thread_blocked, id=13452, stack(0x0000007270400000,0x0000007270500000)]
  0x0000025410130ae0 JavaThread "Unconstrained build operations Thread 82" [_thread_blocked, id=16336, stack(0x0000007270500000,0x0000007270600000)]
  0x00000254101300c0 JavaThread "Unconstrained build operations Thread 83" [_thread_blocked, id=17892, stack(0x0000007270600000,0x0000007270700000)]
  0x0000025410131500 JavaThread "Unconstrained build operations Thread 84" [_thread_blocked, id=22416, stack(0x0000007270700000,0x0000007270800000)]
  0x0000025410130ff0 JavaThread "Unconstrained build operations Thread 85" [_thread_blocked, id=5844, stack(0x0000007270800000,0x0000007270900000)]
  0x00000254101347a0 JavaThread "Unconstrained build operations Thread 86" [_thread_blocked, id=13092, stack(0x0000007270900000,0x0000007270a00000)]
  0x0000025410134cb0 JavaThread "Unconstrained build operations Thread 87" [_thread_blocked, id=1004, stack(0x0000007270a00000,0x0000007270b00000)]
  0x00000254101360f0 JavaThread "Unconstrained build operations Thread 88" [_thread_blocked, id=28164, stack(0x0000007270b00000,0x0000007270c00000)]
  0x00000254101351c0 JavaThread "Unconstrained build operations Thread 89" [_thread_blocked, id=6672, stack(0x0000007270c00000,0x0000007270d00000)]
  0x0000025410136b10 JavaThread "Unconstrained build operations Thread 90" [_thread_blocked, id=10824, stack(0x0000007270d00000,0x0000007270e00000)]
  0x0000025410137020 JavaThread "Unconstrained build operations Thread 91" [_thread_blocked, id=11760, stack(0x0000007270e00000,0x0000007270f00000)]
  0x00000254101356d0 JavaThread "Unconstrained build operations Thread 92" [_thread_blocked, id=26912, stack(0x0000007270f00000,0x0000007271000000)]
  0x0000025410135be0 JavaThread "Unconstrained build operations Thread 93" [_thread_blocked, id=28544, stack(0x0000007271000000,0x0000007271100000)]
  0x0000025410136600 JavaThread "Unconstrained build operations Thread 94" [_thread_blocked, id=25588, stack(0x0000007271100000,0x0000007271200000)]
  0x0000025410137530 JavaThread "Unconstrained build operations Thread 95" [_thread_blocked, id=18200, stack(0x0000007271200000,0x0000007271300000)]
  0x0000025410134290 JavaThread "Unconstrained build operations Thread 96" [_thread_blocked, id=5792, stack(0x0000007271300000,0x0000007271400000)]
  0x00000254157ff290 JavaThread "Unconstrained build operations Thread 97" [_thread_blocked, id=10624, stack(0x0000007271400000,0x0000007271500000)]
  0x00000254157fde50 JavaThread "Unconstrained build operations Thread 98" [_thread_blocked, id=28416, stack(0x0000007271500000,0x0000007271600000)]
  0x00000254157fbff0 JavaThread "Unconstrained build operations Thread 99" [_thread_blocked, id=13720, stack(0x0000007271600000,0x0000007271700000)]
  0x00000254157ff7a0 JavaThread "Unconstrained build operations Thread 100" [_thread_blocked, id=6440, stack(0x0000007271700000,0x0000007271800000)]
  0x00000254157fed80 JavaThread "Unconstrained build operations Thread 101" [_thread_blocked, id=8160, stack(0x0000007271800000,0x0000007271900000)]
  0x00000254157fe360 JavaThread "Unconstrained build operations Thread 102" [_thread_blocked, id=22836, stack(0x0000007271900000,0x0000007271a00000)]
  0x00000254157ffcb0 JavaThread "Unconstrained build operations Thread 103" [_thread_blocked, id=5552, stack(0x0000007271a00000,0x0000007271b00000)]
  0x00000254157fd940 JavaThread "Unconstrained build operations Thread 104" [_thread_blocked, id=16900, stack(0x0000007271b00000,0x0000007271c00000)]
  0x00000254157fc500 JavaThread "Unconstrained build operations Thread 105" [_thread_blocked, id=24164, stack(0x0000007271c00000,0x0000007271d00000)]
  0x00000254158001c0 JavaThread "Unconstrained build operations Thread 106" [_thread_blocked, id=12568, stack(0x0000007271d00000,0x0000007271e00000)]
  0x00000254157fd430 JavaThread "Unconstrained build operations Thread 107" [_thread_blocked, id=11988, stack(0x0000007271e00000,0x0000007271f00000)]
  0x00000254157fe870 JavaThread "Unconstrained build operations Thread 108" [_thread_blocked, id=7460, stack(0x0000007271f00000,0x0000007272000000)]
  0x00000254157fca10 JavaThread "Unconstrained build operations Thread 109" [_thread_blocked, id=21512, stack(0x0000007272000000,0x0000007272100000)]
  0x00000254158006d0 JavaThread "Unconstrained build operations Thread 110" [_thread_blocked, id=9480, stack(0x0000007272100000,0x0000007272200000)]
  0x00000254157fcf20 JavaThread "Unconstrained build operations Thread 111" [_thread_blocked, id=8316, stack(0x0000007272200000,0x0000007272300000)]
  0x0000025415800be0 JavaThread "Unconstrained build operations Thread 112" [_thread_blocked, id=12836, stack(0x0000007272300000,0x0000007272400000)]
  0x0000025415802a40 JavaThread "Unconstrained build operations Thread 113" [_thread_blocked, id=19720, stack(0x0000007272400000,0x0000007272500000)]
  0x00000254158010f0 JavaThread "Unconstrained build operations Thread 114" [_thread_blocked, id=23244, stack(0x0000007272500000,0x0000007272600000)]
  0x0000025415802020 JavaThread "Unconstrained build operations Thread 115" [_thread_blocked, id=28512, stack(0x0000007272600000,0x0000007272700000)]
  0x0000025415802530 JavaThread "Unconstrained build operations Thread 116" [_thread_blocked, id=13216, stack(0x0000007272700000,0x0000007272800000)]
  0x0000025415803970 JavaThread "Unconstrained build operations Thread 117" [_thread_blocked, id=17164, stack(0x0000007272800000,0x0000007272900000)]
  0x0000025415803460 JavaThread "Unconstrained build operations Thread 118" [_thread_blocked, id=25036, stack(0x0000007272900000,0x0000007272a00000)]
  0x0000025415802f50 JavaThread "Unconstrained build operations Thread 119" [_thread_blocked, id=12648, stack(0x0000007272a00000,0x0000007272b00000)]
  0x0000025415801600 JavaThread "Unconstrained build operations Thread 120" [_thread_blocked, id=14480, stack(0x0000007272b00000,0x0000007272c00000)]
  0x0000025415801b10 JavaThread "WorkerExecutor Queue Thread 4" [_thread_blocked, id=20312, stack(0x0000007272c00000,0x0000007272d00000)]
  0x0000025410133d80 JavaThread "WorkerExecutor Queue Thread 5" [_thread_blocked, id=19504, stack(0x0000007272d00000,0x0000007272e00000)]
  0x0000025413220390 JavaThread "pool-3-thread-1" [_thread_blocked, id=12976, stack(0x0000007272e00000,0x0000007272f00000)]
  0x000002541321d600 JavaThread "stderr" [_thread_in_native, id=13392, stack(0x0000007272f00000,0x0000007273000000)]
  0x000002541321db10 JavaThread "stdout" [_thread_in_native, id=24348, stack(0x0000007273000000,0x0000007273100000)]
  0x000002541321e530 JavaThread "Cache worker for Java compile cache (C:\Users\Imesh\.gradle\caches\8.9\javaCompile)" [_thread_blocked, id=15960, stack(0x0000007273100000,0x0000007273200000)]
  0x00000254120ce550 JavaThread "C2 CompilerThread1" daemon [_thread_blocked, id=27916, stack(0x0000007267600000,0x0000007267700000)]
  0x00000254120cf540 JavaThread "C2 CompilerThread2" daemon [_thread_blocked, id=20416, stack(0x0000007268900000,0x0000007268a00000)]
  0x000002541321e020 JavaThread "Build operations" [_thread_blocked, id=27064, stack(0x0000007273200000,0x0000007273300000)]
  0x000002541321ef50 JavaThread "Build operations Thread 2" [_thread_blocked, id=16708, stack(0x0000007273300000,0x0000007273400000)]
  0x000002541321f970 JavaThread "Build operations Thread 3" [_thread_blocked, id=22308, stack(0x0000007273400000,0x0000007273500000)]
  0x000002541321fe80 JavaThread "Build operations Thread 4" [_thread_blocked, id=7228, stack(0x0000007273500000,0x0000007273600000)]
  0x00000254132208a0 JavaThread "Build operations Thread 5" [_thread_blocked, id=8932, stack(0x0000007273600000,0x0000007273700000)]
  0x000002541321d0f0 JavaThread "Build operations Thread 6" [_thread_blocked, id=18876, stack(0x0000007273700000,0x0000007273800000)]
  0x0000025413223630 JavaThread "Build operations Thread 7" [_thread_blocked, id=28352, stack(0x0000007273800000,0x0000007273900000)]
  0x0000025413224560 JavaThread "Build operations Thread 8" [_thread_blocked, id=15616, stack(0x0000007273900000,0x0000007273a00000)]
  0x00000254132217d0 JavaThread "Build operations Thread 9" [_thread_blocked, id=25596, stack(0x0000007273a00000,0x0000007273b00000)]
  0x0000025413222700 JavaThread "Build operations Thread 10" [_thread_blocked, id=16424, stack(0x0000007273b00000,0x0000007273c00000)]
  0x0000025413222c10 JavaThread "Build operations Thread 11" [_thread_blocked, id=11208, stack(0x0000007273c00000,0x0000007273d00000)]
  0x00000254132221f0 JavaThread "WorkerExecutor Queue Thread 6" [_thread_blocked, id=14876, stack(0x0000007273d00000,0x0000007273e00000)]
  0x0000025413223120 JavaThread "WorkerExecutor Queue Thread 7" [_thread_blocked, id=3728, stack(0x0000007273e00000,0x0000007273f00000)]
  0x0000025413223b40 JavaThread "WorkerExecutor Queue Thread 8" [_thread_blocked, id=2936, stack(0x0000007273f00000,0x0000007274000000)]
  0x0000025413220db0 JavaThread "WorkerExecutor Queue Thread 9" [_thread_blocked, id=12672, stack(0x0000007274000000,0x0000007274100000)]
  0x00000254132212c0 JavaThread "WorkerExecutor Queue Thread 10" [_thread_blocked, id=20564, stack(0x0000007274100000,0x0000007274200000)]
  0x0000025413221ce0 JavaThread "WorkerExecutor Queue Thread 11" [_thread_blocked, id=25308, stack(0x0000007274200000,0x0000007274300000)]
  0x0000025413224050 JavaThread "WorkerExecutor Queue Thread 12" [_thread_blocked, id=8856, stack(0x0000007274300000,0x0000007274400000)]
  0x00000254153ccf00 JavaThread "ForkJoinPool.commonPool-worker-1" daemon [_thread_blocked, id=23428, stack(0x0000007274400000,0x0000007274500000)]
  0x00000254153cc4e0 JavaThread "ForkJoinPool.commonPool-worker-2" daemon [_thread_blocked, id=4880, stack(0x0000007274500000,0x0000007274600000)]
  0x00000254153cd920 JavaThread "ForkJoinPool.commonPool-worker-3" daemon [_thread_blocked, id=3180, stack(0x0000007274600000,0x0000007274700000)]
  0x00000254153cd410 JavaThread "ForkJoinPool.commonPool-worker-4" daemon [_thread_blocked, id=7212, stack(0x0000007274700000,0x0000007274800000)]
  0x00000254153ce340 JavaThread "ForkJoinPool.commonPool-worker-5" daemon [_thread_blocked, id=27936, stack(0x0000007274800000,0x0000007274900000)]
  0x00000254153cb0a0 JavaThread "ForkJoinPool.commonPool-worker-6" daemon [_thread_blocked, id=18808, stack(0x0000007274900000,0x0000007274a00000)]
  0x00000254153cf780 JavaThread "ForkJoinPool.commonPool-worker-7" daemon [_thread_blocked, id=13772, stack(0x0000007274a00000,0x0000007274b00000)]
  0x00000254153d06b0 JavaThread "ForkJoinPool.commonPool-worker-8" daemon [_thread_blocked, id=25384, stack(0x0000007274b00000,0x0000007274c00000)]

Other Threads:
=>0x00000253c9ab85b0 VMThread "VM Thread" [stack: 0x0000007266900000,0x0000007266a00000] [id=6008]
  0x00000253ab3eef50 WatcherThread [stack: 0x0000007267500000,0x0000007267600000] [id=19264]
  0x00000253a922e850 GCTaskThread "GC Thread#0" [stack: 0x0000007266400000,0x0000007266500000] [id=27380]
  0x000002540f605e70 GCTaskThread "GC Thread#1" [stack: 0x0000007267800000,0x0000007267900000] [id=18944]
  0x000002540f730520 GCTaskThread "GC Thread#2" [stack: 0x0000007267900000,0x0000007267a00000] [id=15968]
  0x000002540f3e0be0 GCTaskThread "GC Thread#3" [stack: 0x0000007267a00000,0x0000007267b00000] [id=25540]
  0x000002540f985120 GCTaskThread "GC Thread#4" [stack: 0x0000007267b00000,0x0000007267c00000] [id=11784]
  0x000002540f9853e0 GCTaskThread "GC Thread#5" [stack: 0x0000007267c00000,0x0000007267d00000] [id=14136]
  0x0000025411eba960 GCTaskThread "GC Thread#6" [stack: 0x0000007268c00000,0x0000007268d00000] [id=6344]
  0x0000025411eba3e0 GCTaskThread "GC Thread#7" [stack: 0x0000007268d00000,0x0000007268e00000] [id=19620]
  0x0000025411eb98e0 GCTaskThread "GC Thread#8" [stack: 0x0000007268e00000,0x0000007268f00000] [id=27872]
  0x0000025411ebac20 GCTaskThread "GC Thread#9" [stack: 0x0000007268f00000,0x0000007269000000] [id=22800]
  0x00000253ab458980 ConcurrentGCThread "G1 Main Marker" [stack: 0x0000007266500000,0x0000007266600000] [id=11420]
  0x00000253ab459f70 ConcurrentGCThread "G1 Conc#0" [stack: 0x0000007266600000,0x0000007266700000] [id=20444]
  0x0000025411eb9620 ConcurrentGCThread "G1 Conc#1" [stack: 0x0000007269000000,0x0000007269100000] [id=2260]
  0x0000025411eb9ba0 ConcurrentGCThread "G1 Conc#2" [stack: 0x0000007269100000,0x0000007269200000] [id=8272]
  0x00000253ab4ad510 ConcurrentGCThread "G1 Refine#0" [stack: 0x0000007266700000,0x0000007266800000] [id=9624]
  0x00000254116679c0 ConcurrentGCThread "G1 Refine#1" [stack: 0x0000007269b00000,0x0000007269c00000] [id=27120]
  0x0000025415f52d00 ConcurrentGCThread "G1 Refine#2" [stack: 0x000000726e400000,0x000000726e500000] [id=16396]
  0x0000025415f500f0 ConcurrentGCThread "G1 Refine#3" [stack: 0x000000726e500000,0x000000726e600000] [id=21664]
  0x0000025415f52ff0 ConcurrentGCThread "G1 Refine#4" [stack: 0x000000726e600000,0x000000726e700000] [id=22524]
  0x0000025415f52a10 ConcurrentGCThread "G1 Refine#5" [stack: 0x000000726e700000,0x000000726e800000] [id=10124]
  0x00000253ab4adcf0 ConcurrentGCThread "G1 Service" [stack: 0x0000007266800000,0x0000007266900000] [id=14420]

Threads with active compile tasks:

VM state: at safepoint (normal execution)

VM Mutex/Monitor currently owned by a thread:  ([mutex/lock_event])
[0x00000253ab3e90a0] Threads_lock - owner thread: 0x00000253c9ab85b0
[0x00000253ab3e8680] Heap_lock - owner thread: 0x00000253ab458980

Heap address: 0x0000000080000000, size: 2048 MB, Compressed Oops mode: 32-bit

CDS archive(s) mapped at: [0x00000253ca000000-0x00000253cabd0000-0x00000253cabd0000), size 12386304, SharedBaseAddress: 0x00000253ca000000, ArchiveRelocationMode: 1.
Compressed class space mapped at: 0x00000253cb000000-0x000002540b000000, reserved size: 1073741824
Narrow klass base: 0x00000253ca000000, Narrow klass shift: 0, Narrow klass range: 0x100000000

GC Precious Log:
 CPUs: 12 total, 12 available
 Memory: 16106M
 Large Page Support: Disabled
 NUMA Support: Disabled
 Compressed Oops: Enabled (32-bit)
 Heap Region Size: 1M
 Heap Min Capacity: 8M
 Heap Initial Capacity: 252M
 Heap Max Capacity: 2G
 Pre-touch: Disabled
 Parallel Workers: 10
 Concurrent Workers: 3
 Concurrent Refinement Workers: 10
 Periodic GC: Disabled

Heap:
 garbage-first heap   total 294912K, used 192464K [0x0000000080000000, 0x0000000100000000)
  region size 1024K, 5 young (5120K), 3 survivors (3072K)
 Metaspace       used 123503K, committed 124416K, reserved 1179648K
  class space    used 17580K, committed 17984K, reserved 1048576K

Heap Regions: E=young(eden), S=young(survivor), O=old, HS=humongous(starts), HC=humongous(continues), CS=collection set, F=free, OA=open archive, CA=closed archive, TAMS=top-at-mark-start (previous, next)
|   0|0x0000000080000000, 0x0000000080100000, 0x0000000080100000|100%|HS|  |TAMS 0x0000000080100000, 0x0000000080000000| Complete 
|   1|0x0000000080100000, 0x0000000080200000, 0x0000000080200000|100%|HC|  |TAMS 0x0000000080200000, 0x0000000080100000| Complete 
|   2|0x0000000080200000, 0x0000000080300000, 0x0000000080300000|100%|HC|  |TAMS 0x0000000080300000, 0x0000000080200000| Complete 
|   3|0x0000000080300000, 0x0000000080400000, 0x0000000080400000|100%|HC|  |TAMS 0x0000000080400000, 0x0000000080300000| Complete 
|   4|0x0000000080400000, 0x0000000080500000, 0x0000000080500000|100%| O|  |TAMS 0x0000000080500000, 0x0000000080400000| Untracked 
|   5|0x0000000080500000, 0x0000000080600000, 0x0000000080600000|100%| O|  |TAMS 0x0000000080600000, 0x0000000080500000| Untracked 
|   6|0x0000000080600000, 0x0000000080700000, 0x0000000080700000|100%| O|  |TAMS 0x0000000080700000, 0x0000000080600000| Untracked 
|   7|0x0000000080700000, 0x0000000080800000, 0x0000000080800000|100%| O|  |TAMS 0x0000000080800000, 0x0000000080700000| Untracked 
|   8|0x0000000080800000, 0x0000000080900000, 0x0000000080900000|100%| O|  |TAMS 0x0000000080900000, 0x0000000080800000| Untracked 
|   9|0x0000000080900000, 0x0000000080a00000, 0x0000000080a00000|100%| O|  |TAMS 0x0000000080a00000, 0x0000000080900000| Untracked 
|  10|0x0000000080a00000, 0x0000000080b00000, 0x0000000080b00000|100%|HS|  |TAMS 0x0000000080b00000, 0x0000000080a00000| Complete 
|  11|0x0000000080b00000, 0x0000000080c00000, 0x0000000080c00000|100%| O|  |TAMS 0x0000000080c00000, 0x0000000080b00000| Untracked 
|  12|0x0000000080c00000, 0x0000000080d00000, 0x0000000080d00000|100%| O|  |TAMS 0x0000000080d00000, 0x0000000080c00000| Untracked 
|  13|0x0000000080d00000, 0x0000000080e00000, 0x0000000080e00000|100%| O|  |TAMS 0x0000000080e00000, 0x0000000080d00000| Untracked 
|  14|0x0000000080e00000, 0x0000000080f00000, 0x0000000080f00000|100%| O|  |TAMS 0x0000000080f00000, 0x0000000080e00000| Untracked 
|  15|0x0000000080f00000, 0x0000000081000000, 0x0000000081000000|100%| O|  |TAMS 0x0000000081000000, 0x0000000080f00000| Untracked 
|  16|0x0000000081000000, 0x0000000081100000, 0x0000000081100000|100%| O|  |TAMS 0x0000000081100000, 0x0000000081000000| Untracked 
|  17|0x0000000081100000, 0x0000000081200000, 0x0000000081200000|100%| O|  |TAMS 0x0000000081200000, 0x0000000081100000| Untracked 
|  18|0x0000000081200000, 0x0000000081300000, 0x0000000081300000|100%| O|  |TAMS 0x0000000081300000, 0x0000000081200000| Untracked 
|  19|0x0000000081300000, 0x0000000081400000, 0x0000000081400000|100%| O|  |TAMS 0x0000000081400000, 0x0000000081300000| Untracked 
|  20|0x0000000081400000, 0x0000000081500000, 0x0000000081500000|100%| O|  |TAMS 0x0000000081500000, 0x0000000081400000| Untracked 
|  21|0x0000000081500000, 0x0000000081600000, 0x0000000081600000|100%| O|  |TAMS 0x0000000081600000, 0x0000000081500000| Updating 
|  22|0x0000000081600000, 0x0000000081700000, 0x0000000081700000|100%| O|  |TAMS 0x0000000081700000, 0x0000000081600000| Untracked 
|  23|0x0000000081700000, 0x0000000081800000, 0x0000000081800000|100%| O|  |TAMS 0x0000000081800000, 0x0000000081700000| Untracked 
|  24|0x0000000081800000, 0x0000000081900000, 0x0000000081900000|100%| O|  |TAMS 0x0000000081900000, 0x0000000081800000| Updating 
|  25|0x0000000081900000, 0x0000000081a00000, 0x0000000081a00000|100%| O|  |TAMS 0x0000000081a00000, 0x0000000081900000| Untracked 
|  26|0x0000000081a00000, 0x0000000081b00000, 0x0000000081b00000|100%| O|  |TAMS 0x0000000081b00000, 0x0000000081a00000| Untracked 
|  27|0x0000000081b00000, 0x0000000081c00000, 0x0000000081c00000|100%| O|  |TAMS 0x0000000081c00000, 0x0000000081b00000| Untracked 
|  28|0x0000000081c00000, 0x0000000081d00000, 0x0000000081d00000|100%| O|  |TAMS 0x0000000081d00000, 0x0000000081c00000| Untracked 
|  29|0x0000000081d00000, 0x0000000081e00000, 0x0000000081e00000|100%| O|  |TAMS 0x0000000081e00000, 0x0000000081d00000| Untracked 
|  30|0x0000000081e00000, 0x0000000081f00000, 0x0000000081f00000|100%| O|  |TAMS 0x0000000081f00000, 0x0000000081e00000| Untracked 
|  31|0x0000000081f00000, 0x0000000082000000, 0x0000000082000000|100%| O|  |TAMS 0x0000000082000000, 0x0000000081f00000| Updating 
|  32|0x0000000082000000, 0x0000000082100000, 0x0000000082100000|100%| O|  |TAMS 0x0000000082100000, 0x0000000082000000| Untracked 
|  33|0x0000000082100000, 0x0000000082200000, 0x0000000082200000|100%| O|  |TAMS 0x0000000082200000, 0x0000000082100000| Untracked 
|  34|0x0000000082200000, 0x0000000082300000, 0x0000000082300000|100%| O|  |TAMS 0x0000000082300000, 0x0000000082200000| Untracked 
|  35|0x0000000082300000, 0x0000000082400000, 0x0000000082400000|100%| O|  |TAMS 0x0000000082400000, 0x0000000082300000| Untracked 
|  36|0x0000000082400000, 0x0000000082500000, 0x0000000082500000|100%| O|  |TAMS 0x0000000082500000, 0x0000000082400000| Untracked 
|  37|0x0000000082500000, 0x0000000082600000, 0x0000000082600000|100%|HS|  |TAMS 0x0000000082600000, 0x0000000082500000| Complete 
|  38|0x0000000082600000, 0x0000000082700000, 0x0000000082700000|100%|HS|  |TAMS 0x0000000082700000, 0x0000000082600000| Complete 
|  39|0x0000000082700000, 0x0000000082800000, 0x0000000082800000|100%|HS|  |TAMS 0x0000000082800000, 0x0000000082700000| Complete 
|  40|0x0000000082800000, 0x0000000082900000, 0x0000000082900000|100%| O|  |TAMS 0x0000000082900000, 0x0000000082800000| Untracked 
|  41|0x0000000082900000, 0x0000000082a00000, 0x0000000082a00000|100%| O|  |TAMS 0x0000000082a00000, 0x0000000082900000| Untracked 
|  42|0x0000000082a00000, 0x0000000082b00000, 0x0000000082b00000|100%| O|  |TAMS 0x0000000082b00000, 0x0000000082a00000| Untracked 
|  43|0x0000000082b00000, 0x0000000082c00000, 0x0000000082c00000|100%| O|  |TAMS 0x0000000082c00000, 0x0000000082b00000| Untracked 
|  44|0x0000000082c00000, 0x0000000082d00000, 0x0000000082d00000|100%| O|  |TAMS 0x0000000082d00000, 0x0000000082c00000| Untracked 
|  45|0x0000000082d00000, 0x0000000082e00000, 0x0000000082e00000|100%| O|  |TAMS 0x0000000082e00000, 0x0000000082d00000| Untracked 
|  46|0x0000000082e00000, 0x0000000082f00000, 0x0000000082f00000|100%| O|  |TAMS 0x0000000082f00000, 0x0000000082e00000| Untracked 
|  47|0x0000000082f00000, 0x0000000083000000, 0x0000000083000000|100%| O|  |TAMS 0x0000000083000000, 0x0000000082f00000| Untracked 
|  48|0x0000000083000000, 0x0000000083100000, 0x0000000083100000|100%| O|  |TAMS 0x0000000083100000, 0x0000000083000000| Untracked 
|  49|0x0000000083100000, 0x0000000083200000, 0x0000000083200000|100%| O|  |TAMS 0x0000000083200000, 0x0000000083100000| Updating 
|  50|0x0000000083200000, 0x0000000083300000, 0x0000000083300000|100%| O|  |TAMS 0x0000000083300000, 0x0000000083200000| Untracked 
|  51|0x0000000083300000, 0x0000000083400000, 0x0000000083400000|100%| O|  |TAMS 0x0000000083400000, 0x0000000083300000| Untracked 
|  52|0x0000000083400000, 0x0000000083500000, 0x0000000083500000|100%| O|  |TAMS 0x0000000083500000, 0x0000000083400000| Untracked 
|  53|0x0000000083500000, 0x0000000083600000, 0x0000000083600000|100%| O|  |TAMS 0x0000000083600000, 0x0000000083500000| Untracked 
|  54|0x0000000083600000, 0x0000000083700000, 0x0000000083700000|100%| O|  |TAMS 0x0000000083700000, 0x0000000083600000| Untracked 
|  55|0x0000000083700000, 0x0000000083800000, 0x0000000083800000|100%| O|  |TAMS 0x0000000083800000, 0x0000000083700000| Untracked 
|  56|0x0000000083800000, 0x0000000083900000, 0x0000000083900000|100%| O|  |TAMS 0x0000000083900000, 0x0000000083800000| Untracked 
|  57|0x0000000083900000, 0x0000000083a00000, 0x0000000083a00000|100%| O|  |TAMS 0x0000000083a00000, 0x0000000083900000| Updating 
|  58|0x0000000083a00000, 0x0000000083b00000, 0x0000000083b00000|100%| O|  |TAMS 0x0000000083b00000, 0x0000000083a00000| Untracked 
|  59|0x0000000083b00000, 0x0000000083c00000, 0x0000000083c00000|100%| O|  |TAMS 0x0000000083c00000, 0x0000000083b00000| Untracked 
|  60|0x0000000083c00000, 0x0000000083d00000, 0x0000000083d00000|100%| O|  |TAMS 0x0000000083d00000, 0x0000000083c00000| Untracked 
|  61|0x0000000083d00000, 0x0000000083e00000, 0x0000000083e00000|100%| O|  |TAMS 0x0000000083e00000, 0x0000000083d00000| Untracked 
|  62|0x0000000083e00000, 0x0000000083f00000, 0x0000000083f00000|100%| O|  |TAMS 0x0000000083f00000, 0x0000000083e00000| Updating 
|  63|0x0000000083f00000, 0x0000000084000000, 0x0000000084000000|100%| O|  |TAMS 0x0000000084000000, 0x0000000083f00000| Untracked 
|  64|0x0000000084000000, 0x0000000084100000, 0x0000000084100000|100%| O|  |TAMS 0x0000000084100000, 0x0000000084000000| Updating 
|  65|0x0000000084100000, 0x0000000084200000, 0x0000000084200000|100%| O|  |TAMS 0x0000000084200000, 0x0000000084100000| Untracked 
|  66|0x0000000084200000, 0x0000000084300000, 0x0000000084300000|100%| O|  |TAMS 0x0000000084300000, 0x0000000084200000| Untracked 
|  67|0x0000000084300000, 0x0000000084400000, 0x0000000084400000|100%| O|  |TAMS 0x0000000084400000, 0x0000000084300000| Untracked 
|  68|0x0000000084400000, 0x0000000084500000, 0x0000000084500000|100%| O|  |TAMS 0x0000000084500000, 0x0000000084400000| Updating 
|  69|0x0000000084500000, 0x0000000084600000, 0x0000000084600000|100%| O|  |TAMS 0x0000000084600000, 0x0000000084500000| Untracked 
|  70|0x0000000084600000, 0x0000000084700000, 0x0000000084700000|100%| O|  |TAMS 0x0000000084700000, 0x0000000084600000| Updating 
|  71|0x0000000084700000, 0x0000000084800000, 0x0000000084800000|100%| O|  |TAMS 0x0000000084800000, 0x0000000084700000| Untracked 
|  72|0x0000000084800000, 0x0000000084900000, 0x0000000084900000|100%| O|  |TAMS 0x0000000084900000, 0x0000000084800000| Untracked 
|  73|0x0000000084900000, 0x0000000084a00000, 0x0000000084a00000|100%| O|  |TAMS 0x0000000084a00000, 0x0000000084900000| Updating 
|  74|0x0000000084a00000, 0x0000000084b00000, 0x0000000084b00000|100%| O|  |TAMS 0x0000000084b00000, 0x0000000084a00000| Updating 
|  75|0x0000000084b00000, 0x0000000084c00000, 0x0000000084c00000|100%| O|  |TAMS 0x0000000084c00000, 0x0000000084b00000| Updating 
|  76|0x0000000084c00000, 0x0000000084d00000, 0x0000000084d00000|100%| O|  |TAMS 0x0000000084d00000, 0x0000000084c00000| Updating 
|  77|0x0000000084d00000, 0x0000000084e00000, 0x0000000084e00000|100%| O|  |TAMS 0x0000000084e00000, 0x0000000084d00000| Updating 
|  78|0x0000000084e00000, 0x0000000084f00000, 0x0000000084f00000|100%| O|  |TAMS 0x0000000084f00000, 0x0000000084e00000| Untracked 
|  79|0x0000000084f00000, 0x0000000085000000, 0x0000000085000000|100%| O|  |TAMS 0x0000000085000000, 0x0000000084f00000| Updating 
|  80|0x0000000085000000, 0x0000000085100000, 0x0000000085100000|100%| O|  |TAMS 0x0000000085100000, 0x0000000085000000| Updating 
|  81|0x0000000085100000, 0x0000000085200000, 0x0000000085200000|100%| O|  |TAMS 0x0000000085200000, 0x0000000085100000| Untracked 
|  82|0x0000000085200000, 0x0000000085300000, 0x0000000085300000|100%| O|  |TAMS 0x0000000085300000, 0x0000000085200000| Untracked 
|  83|0x0000000085300000, 0x0000000085400000, 0x0000000085400000|100%| O|  |TAMS 0x0000000085400000, 0x0000000085300000| Untracked 
|  84|0x0000000085400000, 0x0000000085500000, 0x0000000085500000|100%| O|  |TAMS 0x0000000085500000, 0x0000000085400000| Untracked 
|  85|0x0000000085500000, 0x0000000085600000, 0x0000000085600000|100%| O|  |TAMS 0x0000000085600000, 0x0000000085500000| Untracked 
|  86|0x0000000085600000, 0x0000000085700000, 0x0000000085700000|100%| O|  |TAMS 0x0000000085700000, 0x0000000085600000| Untracked 
|  87|0x0000000085700000, 0x0000000085800000, 0x0000000085800000|100%| O|  |TAMS 0x0000000085800000, 0x0000000085700000| Updating 
|  88|0x0000000085800000, 0x0000000085900000, 0x0000000085900000|100%| O|  |TAMS 0x0000000085900000, 0x0000000085800000| Updating 
|  89|0x0000000085900000, 0x0000000085a00000, 0x0000000085a00000|100%| O|  |TAMS 0x0000000085a00000, 0x0000000085900000| Updating 
|  90|0x0000000085a00000, 0x0000000085b00000, 0x0000000085b00000|100%| O|  |TAMS 0x0000000085b00000, 0x0000000085a00000| Updating 
|  91|0x0000000085b00000, 0x0000000085c00000, 0x0000000085c00000|100%| O|  |TAMS 0x0000000085c00000, 0x0000000085b00000| Updating 
|  92|0x0000000085c00000, 0x0000000085d00000, 0x0000000085d00000|100%| O|  |TAMS 0x0000000085d00000, 0x0000000085c00000| Updating 
|  93|0x0000000085d00000, 0x0000000085e00000, 0x0000000085e00000|100%| O|  |TAMS 0x0000000085e00000, 0x0000000085d00000| Updating 
|  94|0x0000000085e00000, 0x0000000085f00000, 0x0000000085f00000|100%| O|  |TAMS 0x0000000085f00000, 0x0000000085e00000| Untracked 
|  95|0x0000000085f00000, 0x0000000086000000, 0x0000000086000000|100%| O|  |TAMS 0x0000000086000000, 0x0000000085f00000| Untracked 
|  96|0x0000000086000000, 0x0000000086100000, 0x0000000086100000|100%| O|  |TAMS 0x0000000086100000, 0x0000000086000000| Updating 
|  97|0x0000000086100000, 0x0000000086200000, 0x0000000086200000|100%| O|  |TAMS 0x0000000086200000, 0x0000000086100000| Updating 
|  98|0x0000000086200000, 0x0000000086300000, 0x0000000086300000|100%| O|  |TAMS 0x0000000086300000, 0x0000000086200000| Updating 
|  99|0x0000000086300000, 0x0000000086400000, 0x0000000086400000|100%| O|  |TAMS 0x0000000086400000, 0x0000000086300000| Updating 
| 100|0x0000000086400000, 0x0000000086500000, 0x0000000086500000|100%| O|  |TAMS 0x0000000086500000, 0x0000000086400000| Updating 
| 101|0x0000000086500000, 0x0000000086600000, 0x0000000086600000|100%| O|  |TAMS 0x0000000086600000, 0x0000000086500000| Updating 
| 102|0x0000000086600000, 0x0000000086700000, 0x0000000086700000|100%| O|  |TAMS 0x0000000086700000, 0x0000000086600000| Updating 
| 103|0x0000000086700000, 0x0000000086800000, 0x0000000086800000|100%|HS|  |TAMS 0x0000000086800000, 0x0000000086700000| Complete 
| 104|0x0000000086800000, 0x0000000086900000, 0x0000000086900000|100%|HC|  |TAMS 0x0000000086900000, 0x0000000086800000| Complete 
| 105|0x0000000086900000, 0x0000000086a00000, 0x0000000086a00000|100%| O|  |TAMS 0x0000000086a00000, 0x0000000086900000| Updating 
| 106|0x0000000086a00000, 0x0000000086b00000, 0x0000000086b00000|100%| O|  |TAMS 0x0000000086b00000, 0x0000000086a00000| Updating 
| 107|0x0000000086b00000, 0x0000000086c00000, 0x0000000086c00000|100%| O|  |TAMS 0x0000000086c00000, 0x0000000086b00000| Updating 
| 108|0x0000000086c00000, 0x0000000086d00000, 0x0000000086d00000|100%| O|  |TAMS 0x0000000086d00000, 0x0000000086c00000| Updating 
| 109|0x0000000086d00000, 0x0000000086e00000, 0x0000000086e00000|100%| O|  |TAMS 0x0000000086e00000, 0x0000000086d00000| Updating 
| 110|0x0000000086e00000, 0x0000000086f00000, 0x0000000086f00000|100%| O|  |TAMS 0x0000000086f00000, 0x0000000086e00000| Updating 
| 111|0x0000000086f00000, 0x0000000087000000, 0x0000000087000000|100%| O|  |TAMS 0x0000000087000000, 0x0000000086f00000| Untracked 
| 112|0x0000000087000000, 0x0000000087100000, 0x0000000087100000|100%| O|  |TAMS 0x0000000087100000, 0x0000000087000000| Updating 
| 113|0x0000000087100000, 0x0000000087200000, 0x0000000087200000|100%| O|  |TAMS 0x0000000087200000, 0x0000000087100000| Updating 
| 114|0x0000000087200000, 0x0000000087300000, 0x0000000087300000|100%| O|  |TAMS 0x0000000087300000, 0x0000000087200000| Updating 
| 115|0x0000000087300000, 0x0000000087400000, 0x0000000087400000|100%| O|  |TAMS 0x0000000087400000, 0x0000000087300000| Updating 
| 116|0x0000000087400000, 0x0000000087500000, 0x0000000087500000|100%| O|  |TAMS 0x0000000087500000, 0x0000000087400000| Updating 
| 117|0x0000000087500000, 0x0000000087600000, 0x0000000087600000|100%| O|  |TAMS 0x0000000087600000, 0x0000000087500000| Untracked 
| 118|0x0000000087600000, 0x0000000087700000, 0x0000000087700000|100%| O|  |TAMS 0x0000000087700000, 0x0000000087600000| Updating 
| 119|0x0000000087700000, 0x0000000087800000, 0x0000000087800000|100%| O|  |TAMS 0x0000000087800000, 0x0000000087700000| Updating 
| 120|0x0000000087800000, 0x0000000087900000, 0x0000000087900000|100%| O|  |TAMS 0x0000000087900000, 0x0000000087800000| Updating 
| 121|0x0000000087900000, 0x0000000087a00000, 0x0000000087a00000|100%| O|  |TAMS 0x0000000087a00000, 0x0000000087900000| Updating 
| 122|0x0000000087a00000, 0x0000000087b00000, 0x0000000087b00000|100%| O|  |TAMS 0x0000000087b00000, 0x0000000087a00000| Updating 
| 123|0x0000000087b00000, 0x0000000087c00000, 0x0000000087c00000|100%| O|  |TAMS 0x0000000087c00000, 0x0000000087b00000| Updating 
| 124|0x0000000087c00000, 0x0000000087d00000, 0x0000000087d00000|100%| O|  |TAMS 0x0000000087d00000, 0x0000000087c00000| Updating 
| 125|0x0000000087d00000, 0x0000000087e00000, 0x0000000087e00000|100%| O|  |TAMS 0x0000000087e00000, 0x0000000087d00000| Updating 
| 126|0x0000000087e00000, 0x0000000087f00000, 0x0000000087f00000|100%| O|  |TAMS 0x0000000087f00000, 0x0000000087e00000| Updating 
| 127|0x0000000087f00000, 0x0000000088000000, 0x0000000088000000|100%| O|  |TAMS 0x0000000088000000, 0x0000000087f00000| Updating 
| 128|0x0000000088000000, 0x0000000088100000, 0x0000000088100000|100%| O|  |TAMS 0x0000000088100000, 0x0000000088000000| Updating 
| 129|0x0000000088100000, 0x0000000088200000, 0x0000000088200000|100%| O|  |TAMS 0x0000000088200000, 0x0000000088100000| Updating 
| 130|0x0000000088200000, 0x0000000088300000, 0x0000000088300000|100%| O|  |TAMS 0x0000000088300000, 0x0000000088200000| Updating 
| 131|0x0000000088300000, 0x0000000088400000, 0x0000000088400000|100%| O|  |TAMS 0x0000000088400000, 0x0000000088300000| Untracked 
| 132|0x0000000088400000, 0x0000000088500000, 0x0000000088500000|100%| O|  |TAMS 0x0000000088500000, 0x0000000088400000| Updating 
| 133|0x0000000088500000, 0x0000000088600000, 0x0000000088600000|100%| O|  |TAMS 0x0000000088600000, 0x0000000088500000| Updating 
| 134|0x0000000088600000, 0x0000000088700000, 0x0000000088700000|100%| O|  |TAMS 0x0000000088700000, 0x0000000088600000| Updating 
| 135|0x0000000088700000, 0x0000000088800000, 0x0000000088800000|100%| O|  |TAMS 0x0000000088800000, 0x0000000088700000| Updating 
| 136|0x0000000088800000, 0x0000000088900000, 0x0000000088900000|100%| O|  |TAMS 0x0000000088900000, 0x0000000088800000| Updating 
| 137|0x0000000088900000, 0x0000000088a00000, 0x0000000088a00000|100%| O|  |TAMS 0x0000000088a00000, 0x0000000088900000| Updating 
| 138|0x0000000088a00000, 0x0000000088b00000, 0x0000000088b00000|100%| O|  |TAMS 0x0000000088b00000, 0x0000000088a00000| Updating 
| 139|0x0000000088b00000, 0x0000000088c00000, 0x0000000088c00000|100%| O|  |TAMS 0x0000000088c00000, 0x0000000088b00000| Updating 
| 140|0x0000000088c00000, 0x0000000088d00000, 0x0000000088d00000|100%|HS|  |TAMS 0x0000000088d00000, 0x0000000088c00000| Complete 
| 141|0x0000000088d00000, 0x0000000088e00000, 0x0000000088e00000|100%|HS|  |TAMS 0x0000000088d00000, 0x0000000088d00000| Complete 
| 142|0x0000000088e00000, 0x0000000088e00000, 0x0000000088f00000|  0%| F|  |TAMS 0x0000000088e00000, 0x0000000088e00000| Untracked 
| 143|0x0000000088f00000, 0x0000000088f00000, 0x0000000089000000|  0%| F|  |TAMS 0x0000000088f00000, 0x0000000088f00000| Untracked 
| 144|0x0000000089000000, 0x0000000089100000, 0x0000000089100000|100%| O|  |TAMS 0x0000000089100000, 0x0000000089000000| Updating 
| 145|0x0000000089100000, 0x0000000089200000, 0x0000000089200000|100%| O|  |TAMS 0x0000000089200000, 0x0000000089100000| Updating 
| 146|0x0000000089200000, 0x0000000089300000, 0x0000000089300000|100%| O|  |TAMS 0x0000000089300000, 0x0000000089200000| Updating 
| 147|0x0000000089300000, 0x0000000089400000, 0x0000000089400000|100%| O|  |TAMS 0x0000000089400000, 0x0000000089300000| Updating 
| 148|0x0000000089400000, 0x0000000089418a00, 0x0000000089500000|  9%| O|  |TAMS 0x0000000089418a00, 0x0000000089400000| Updating 
| 149|0x0000000089500000, 0x0000000089600000, 0x0000000089600000|100%|HS|  |TAMS 0x0000000089600000, 0x0000000089500000| Complete 
| 150|0x0000000089600000, 0x0000000089700000, 0x0000000089700000|100%|HC|  |TAMS 0x0000000089700000, 0x0000000089600000| Complete 
| 151|0x0000000089700000, 0x0000000089800000, 0x0000000089800000|100%|HC|  |TAMS 0x0000000089800000, 0x0000000089700000| Complete 
| 152|0x0000000089800000, 0x0000000089900000, 0x0000000089900000|100%|HC|  |TAMS 0x0000000089900000, 0x0000000089800000| Complete 
| 153|0x0000000089900000, 0x0000000089a00000, 0x0000000089a00000|100%|HC|  |TAMS 0x0000000089a00000, 0x0000000089900000| Complete 
| 154|0x0000000089a00000, 0x0000000089b00000, 0x0000000089b00000|100%|HS|  |TAMS 0x0000000089b00000, 0x0000000089a00000| Complete 
| 155|0x0000000089b00000, 0x0000000089c00000, 0x0000000089c00000|100%|HC|  |TAMS 0x0000000089c00000, 0x0000000089b00000| Complete 
| 156|0x0000000089c00000, 0x0000000089d00000, 0x0000000089d00000|100%|HC|  |TAMS 0x0000000089d00000, 0x0000000089c00000| Complete 
| 157|0x0000000089d00000, 0x0000000089e00000, 0x0000000089e00000|100%|HC|  |TAMS 0x0000000089e00000, 0x0000000089d00000| Complete 
| 158|0x0000000089e00000, 0x0000000089f00000, 0x0000000089f00000|100%|HC|  |TAMS 0x0000000089f00000, 0x0000000089e00000| Complete 
| 159|0x0000000089f00000, 0x000000008a000000, 0x000000008a000000|100%|HC|  |TAMS 0x000000008a000000, 0x0000000089f00000| Complete 
| 160|0x000000008a000000, 0x000000008a100000, 0x000000008a100000|100%|HC|  |TAMS 0x000000008a100000, 0x000000008a000000| Complete 
| 161|0x000000008a100000, 0x000000008a200000, 0x000000008a200000|100%|HC|  |TAMS 0x000000008a200000, 0x000000008a100000| Complete 
| 162|0x000000008a200000, 0x000000008a300000, 0x000000008a300000|100%|HS|  |TAMS 0x000000008a300000, 0x000000008a200000| Complete 
| 163|0x000000008a300000, 0x000000008a400000, 0x000000008a400000|100%|HC|  |TAMS 0x000000008a400000, 0x000000008a300000| Complete 
| 164|0x000000008a400000, 0x000000008a500000, 0x000000008a500000|100%|HC|  |TAMS 0x000000008a500000, 0x000000008a400000| Complete 
| 165|0x000000008a500000, 0x000000008a600000, 0x000000008a600000|100%|HC|  |TAMS 0x000000008a600000, 0x000000008a500000| Complete 
| 166|0x000000008a600000, 0x000000008a700000, 0x000000008a700000|100%|HC|  |TAMS 0x000000008a700000, 0x000000008a600000| Complete 
| 167|0x000000008a700000, 0x000000008a800000, 0x000000008a800000|100%|HC|  |TAMS 0x000000008a800000, 0x000000008a700000| Complete 
| 168|0x000000008a800000, 0x000000008a900000, 0x000000008a900000|100%|HC|  |TAMS 0x000000008a900000, 0x000000008a800000| Complete 
| 169|0x000000008a900000, 0x000000008aa00000, 0x000000008aa00000|100%|HC|  |TAMS 0x000000008aa00000, 0x000000008a900000| Complete 
| 170|0x000000008aa00000, 0x000000008ab00000, 0x000000008ab00000|100%|HC|  |TAMS 0x000000008ab00000, 0x000000008aa00000| Complete 
| 171|0x000000008ab00000, 0x000000008ac00000, 0x000000008ac00000|100%|HS|  |TAMS 0x000000008ab00000, 0x000000008ab00000| Complete 
| 172|0x000000008ac00000, 0x000000008ad00000, 0x000000008ad00000|100%|HC|  |TAMS 0x000000008ac00000, 0x000000008ac00000| Complete 
| 173|0x000000008ad00000, 0x000000008ae00000, 0x000000008ae00000|100%|HC|  |TAMS 0x000000008ad00000, 0x000000008ad00000| Complete 
| 174|0x000000008ae00000, 0x000000008af00000, 0x000000008af00000|100%|HC|  |TAMS 0x000000008ae00000, 0x000000008ae00000| Complete 
| 175|0x000000008af00000, 0x000000008b000000, 0x000000008b000000|100%|HC|  |TAMS 0x000000008af00000, 0x000000008af00000| Complete 
| 176|0x000000008b000000, 0x000000008b100000, 0x000000008b100000|100%|HS|  |TAMS 0x000000008b000000, 0x000000008b000000| Complete 
| 177|0x000000008b100000, 0x000000008b200000, 0x000000008b200000|100%|HC|  |TAMS 0x000000008b100000, 0x000000008b100000| Complete 
| 178|0x000000008b200000, 0x000000008b300000, 0x000000008b300000|100%|HC|  |TAMS 0x000000008b200000, 0x000000008b200000| Complete 
| 179|0x000000008b300000, 0x000000008b400000, 0x000000008b400000|100%|HC|  |TAMS 0x000000008b300000, 0x000000008b300000| Complete 
| 180|0x000000008b400000, 0x000000008b500000, 0x000000008b500000|100%|HC|  |TAMS 0x000000008b400000, 0x000000008b400000| Complete 
| 181|0x000000008b500000, 0x000000008b600000, 0x000000008b600000|100%|HC|  |TAMS 0x000000008b500000, 0x000000008b500000| Complete 
| 182|0x000000008b600000, 0x000000008b700000, 0x000000008b700000|100%|HC|  |TAMS 0x000000008b600000, 0x000000008b600000| Complete 
| 183|0x000000008b700000, 0x000000008b800000, 0x000000008b800000|100%|HC|  |TAMS 0x000000008b700000, 0x000000008b700000| Complete 
| 184|0x000000008b800000, 0x000000008b800000, 0x000000008b900000|  0%| F|  |TAMS 0x000000008b800000, 0x000000008b800000| Untracked 
| 185|0x000000008b900000, 0x000000008b900000, 0x000000008ba00000|  0%| F|  |TAMS 0x000000008b900000, 0x000000008b900000| Untracked 
| 186|0x000000008ba00000, 0x000000008ba00000, 0x000000008bb00000|  0%| F|  |TAMS 0x000000008ba00000, 0x000000008ba00000| Untracked 
| 187|0x000000008bb00000, 0x000000008bb00000, 0x000000008bc00000|  0%| F|  |TAMS 0x000000008bb00000, 0x000000008bb00000| Untracked 
| 188|0x000000008bc00000, 0x000000008bc00000, 0x000000008bd00000|  0%| F|  |TAMS 0x000000008bc00000, 0x000000008bc00000| Untracked 
| 189|0x000000008bd00000, 0x000000008bd00000, 0x000000008be00000|  0%| F|  |TAMS 0x000000008bd00000, 0x000000008bd00000| Untracked 
| 190|0x000000008be00000, 0x000000008be00000, 0x000000008bf00000|  0%| F|  |TAMS 0x000000008be00000, 0x000000008be00000| Untracked 
| 191|0x000000008bf00000, 0x000000008bf00000, 0x000000008c000000|  0%| F|  |TAMS 0x000000008bf00000, 0x000000008bf00000| Untracked 
| 192|0x000000008c000000, 0x000000008c000000, 0x000000008c100000|  0%| F|  |TAMS 0x000000008c000000, 0x000000008c000000| Untracked 
| 193|0x000000008c100000, 0x000000008c100000, 0x000000008c200000|  0%| F|  |TAMS 0x000000008c100000, 0x000000008c100000| Untracked 
| 194|0x000000008c200000, 0x000000008c200000, 0x000000008c300000|  0%| F|  |TAMS 0x000000008c200000, 0x000000008c200000| Untracked 
| 195|0x000000008c300000, 0x000000008c300000, 0x000000008c400000|  0%| F|  |TAMS 0x000000008c300000, 0x000000008c300000| Untracked 
| 196|0x000000008c400000, 0x000000008c400000, 0x000000008c500000|  0%| F|  |TAMS 0x000000008c400000, 0x000000008c400000| Untracked 
| 197|0x000000008c500000, 0x000000008c500000, 0x000000008c600000|  0%| F|  |TAMS 0x000000008c500000, 0x000000008c500000| Untracked 
| 198|0x000000008c600000, 0x000000008c600000, 0x000000008c700000|  0%| F|  |TAMS 0x000000008c600000, 0x000000008c600000| Untracked 
| 199|0x000000008c700000, 0x000000008c700000, 0x000000008c800000|  0%| F|  |TAMS 0x000000008c700000, 0x000000008c700000| Untracked 
| 200|0x000000008c800000, 0x000000008c800000, 0x000000008c900000|  0%| F|  |TAMS 0x000000008c800000, 0x000000008c800000| Untracked 
| 201|0x000000008c900000, 0x000000008c900000, 0x000000008ca00000|  0%| F|  |TAMS 0x000000008c900000, 0x000000008c900000| Untracked 
| 202|0x000000008ca00000, 0x000000008ca00000, 0x000000008cb00000|  0%| F|  |TAMS 0x000000008ca00000, 0x000000008ca00000| Untracked 
| 203|0x000000008cb00000, 0x000000008cb00000, 0x000000008cc00000|  0%| F|  |TAMS 0x000000008cb00000, 0x000000008cb00000| Untracked 
| 204|0x000000008cc00000, 0x000000008cc00000, 0x000000008cd00000|  0%| F|  |TAMS 0x000000008cc00000, 0x000000008cc00000| Untracked 
| 205|0x000000008cd00000, 0x000000008cd00000, 0x000000008ce00000|  0%| F|  |TAMS 0x000000008cd00000, 0x000000008cd00000| Untracked 
| 206|0x000000008ce00000, 0x000000008ce00000, 0x000000008cf00000|  0%| F|  |TAMS 0x000000008ce00000, 0x000000008ce00000| Untracked 
| 207|0x000000008cf00000, 0x000000008cf00000, 0x000000008d000000|  0%| F|  |TAMS 0x000000008cf00000, 0x000000008cf00000| Untracked 
| 208|0x000000008d000000, 0x000000008d000000, 0x000000008d100000|  0%| F|  |TAMS 0x000000008d000000, 0x000000008d000000| Untracked 
| 209|0x000000008d100000, 0x000000008d100000, 0x000000008d200000|  0%| F|  |TAMS 0x000000008d100000, 0x000000008d100000| Untracked 
| 210|0x000000008d200000, 0x000000008d200000, 0x000000008d300000|  0%| F|  |TAMS 0x000000008d200000, 0x000000008d200000| Untracked 
| 211|0x000000008d300000, 0x000000008d300000, 0x000000008d400000|  0%| F|  |TAMS 0x000000008d300000, 0x000000008d300000| Untracked 
| 212|0x000000008d400000, 0x000000008d400000, 0x000000008d500000|  0%| F|  |TAMS 0x000000008d400000, 0x000000008d400000| Untracked 
| 213|0x000000008d500000, 0x000000008d500000, 0x000000008d600000|  0%| F|  |TAMS 0x000000008d500000, 0x000000008d500000| Untracked 
| 214|0x000000008d600000, 0x000000008d600000, 0x000000008d700000|  0%| F|  |TAMS 0x000000008d600000, 0x000000008d600000| Untracked 
| 215|0x000000008d700000, 0x000000008d700000, 0x000000008d800000|  0%| F|  |TAMS 0x000000008d700000, 0x000000008d700000| Untracked 
| 216|0x000000008d800000, 0x000000008d800000, 0x000000008d900000|  0%| F|  |TAMS 0x000000008d800000, 0x000000008d800000| Untracked 
| 217|0x000000008d900000, 0x000000008d900000, 0x000000008da00000|  0%| F|  |TAMS 0x000000008d900000, 0x000000008d900000| Untracked 
| 218|0x000000008da00000, 0x000000008da00000, 0x000000008db00000|  0%| F|  |TAMS 0x000000008da00000, 0x000000008da00000| Untracked 
| 219|0x000000008db00000, 0x000000008db00000, 0x000000008dc00000|  0%| F|  |TAMS 0x000000008db00000, 0x000000008db00000| Untracked 
| 220|0x000000008dc00000, 0x000000008dc00000, 0x000000008dd00000|  0%| F|  |TAMS 0x000000008dc00000, 0x000000008dc00000| Untracked 
| 221|0x000000008dd00000, 0x000000008dd00000, 0x000000008de00000|  0%| F|  |TAMS 0x000000008dd00000, 0x000000008dd00000| Untracked 
| 222|0x000000008de00000, 0x000000008de00000, 0x000000008df00000|  0%| F|  |TAMS 0x000000008de00000, 0x000000008de00000| Untracked 
| 223|0x000000008df00000, 0x000000008df00000, 0x000000008e000000|  0%| F|  |TAMS 0x000000008df00000, 0x000000008df00000| Untracked 
| 224|0x000000008e000000, 0x000000008e000000, 0x000000008e100000|  0%| F|  |TAMS 0x000000008e000000, 0x000000008e000000| Untracked 
| 225|0x000000008e100000, 0x000000008e100000, 0x000000008e200000|  0%| F|  |TAMS 0x000000008e100000, 0x000000008e100000| Untracked 
| 226|0x000000008e200000, 0x000000008e200000, 0x000000008e300000|  0%| F|  |TAMS 0x000000008e200000, 0x000000008e200000| Untracked 
| 227|0x000000008e300000, 0x000000008e300000, 0x000000008e400000|  0%| F|  |TAMS 0x000000008e300000, 0x000000008e300000| Untracked 
| 228|0x000000008e400000, 0x000000008e400000, 0x000000008e500000|  0%| F|  |TAMS 0x000000008e400000, 0x000000008e400000| Untracked 
| 229|0x000000008e500000, 0x000000008e500000, 0x000000008e600000|  0%| F|  |TAMS 0x000000008e500000, 0x000000008e500000| Untracked 
| 230|0x000000008e600000, 0x000000008e600000, 0x000000008e700000|  0%| F|  |TAMS 0x000000008e600000, 0x000000008e600000| Untracked 
| 231|0x000000008e700000, 0x000000008e700000, 0x000000008e800000|  0%| F|  |TAMS 0x000000008e700000, 0x000000008e700000| Untracked 
| 232|0x000000008e800000, 0x000000008e800000, 0x000000008e900000|  0%| F|  |TAMS 0x000000008e800000, 0x000000008e800000| Untracked 
| 233|0x000000008e900000, 0x000000008e900000, 0x000000008ea00000|  0%| F|  |TAMS 0x000000008e900000, 0x000000008e900000| Untracked 
| 234|0x000000008ea00000, 0x000000008ea00000, 0x000000008eb00000|  0%| F|  |TAMS 0x000000008ea00000, 0x000000008ea00000| Untracked 
| 235|0x000000008eb00000, 0x000000008eb00000, 0x000000008ec00000|  0%| F|  |TAMS 0x000000008eb00000, 0x000000008eb00000| Untracked 
| 236|0x000000008ec00000, 0x000000008ec00000, 0x000000008ed00000|  0%| F|  |TAMS 0x000000008ec00000, 0x000000008ec00000| Untracked 
| 237|0x000000008ed00000, 0x000000008ed00000, 0x000000008ee00000|  0%| F|  |TAMS 0x000000008ed00000, 0x000000008ed00000| Untracked 
| 238|0x000000008ee00000, 0x000000008ee00000, 0x000000008ef00000|  0%| F|  |TAMS 0x000000008ee00000, 0x000000008ee00000| Untracked 
| 239|0x000000008ef00000, 0x000000008ef00000, 0x000000008f000000|  0%| F|  |TAMS 0x000000008ef00000, 0x000000008ef00000| Untracked 
| 240|0x000000008f000000, 0x000000008f000000, 0x000000008f100000|  0%| F|  |TAMS 0x000000008f000000, 0x000000008f000000| Untracked 
| 241|0x000000008f100000, 0x000000008f100000, 0x000000008f200000|  0%| F|  |TAMS 0x000000008f100000, 0x000000008f100000| Untracked 
| 242|0x000000008f200000, 0x000000008f200000, 0x000000008f300000|  0%| F|  |TAMS 0x000000008f200000, 0x000000008f200000| Untracked 
| 243|0x000000008f300000, 0x000000008f300000, 0x000000008f400000|  0%| F|  |TAMS 0x000000008f300000, 0x000000008f300000| Untracked 
| 244|0x000000008f400000, 0x000000008f400000, 0x000000008f500000|  0%| F|  |TAMS 0x000000008f400000, 0x000000008f400000| Untracked 
| 245|0x000000008f500000, 0x000000008f500000, 0x000000008f600000|  0%| F|  |TAMS 0x000000008f500000, 0x000000008f500000| Untracked 
| 246|0x000000008f600000, 0x000000008f600000, 0x000000008f700000|  0%| F|  |TAMS 0x000000008f600000, 0x000000008f600000| Untracked 
| 247|0x000000008f700000, 0x000000008f700000, 0x000000008f800000|  0%| F|  |TAMS 0x000000008f700000, 0x000000008f700000| Untracked 
| 248|0x000000008f800000, 0x000000008f800000, 0x000000008f900000|  0%| F|  |TAMS 0x000000008f800000, 0x000000008f800000| Untracked 
| 249|0x000000008f900000, 0x000000008f900000, 0x000000008fa00000|  0%| F|  |TAMS 0x000000008f900000, 0x000000008f900000| Untracked 
| 250|0x000000008fa00000, 0x000000008fa00000, 0x000000008fb00000|  0%| F|  |TAMS 0x000000008fa00000, 0x000000008fa00000| Untracked 
| 251|0x000000008fb00000, 0x000000008fb00000, 0x000000008fc00000|  0%| F|  |TAMS 0x000000008fb00000, 0x000000008fb00000| Untracked 
| 252|0x000000008fc00000, 0x000000008fc00000, 0x000000008fd00000|  0%| F|  |TAMS 0x000000008fc00000, 0x000000008fc00000| Untracked 
| 253|0x000000008fd00000, 0x000000008fd00000, 0x000000008fe00000|  0%| F|  |TAMS 0x000000008fd00000, 0x000000008fd00000| Untracked 
| 254|0x000000008fe00000, 0x000000008fe00000, 0x000000008ff00000|  0%| F|  |TAMS 0x000000008fe00000, 0x000000008fe00000| Untracked 
| 255|0x000000008ff00000, 0x000000008ff00000, 0x0000000090000000|  0%| F|  |TAMS 0x000000008ff00000, 0x000000008ff00000| Untracked 
| 256|0x0000000090000000, 0x0000000090000000, 0x0000000090100000|  0%| F|  |TAMS 0x0000000090000000, 0x0000000090000000| Untracked 
| 257|0x0000000090100000, 0x0000000090100000, 0x0000000090200000|  0%| F|  |TAMS 0x0000000090100000, 0x0000000090100000| Untracked 
| 258|0x0000000090200000, 0x0000000090200000, 0x0000000090300000|  0%| F|  |TAMS 0x0000000090200000, 0x0000000090200000| Untracked 
| 259|0x0000000090300000, 0x0000000090300000, 0x0000000090400000|  0%| F|  |TAMS 0x0000000090300000, 0x0000000090300000| Untracked 
| 260|0x0000000090400000, 0x0000000090400000, 0x0000000090500000|  0%| F|  |TAMS 0x0000000090400000, 0x0000000090400000| Untracked 
| 261|0x0000000090500000, 0x0000000090500000, 0x0000000090600000|  0%| F|  |TAMS 0x0000000090500000, 0x0000000090500000| Untracked 
| 262|0x0000000090600000, 0x0000000090600000, 0x0000000090700000|  0%| F|  |TAMS 0x0000000090600000, 0x0000000090600000| Untracked 
| 263|0x0000000090700000, 0x0000000090700000, 0x0000000090800000|  0%| F|  |TAMS 0x0000000090700000, 0x0000000090700000| Untracked 
| 264|0x0000000090800000, 0x0000000090800000, 0x0000000090900000|  0%| F|  |TAMS 0x0000000090800000, 0x0000000090800000| Untracked 
| 265|0x0000000090900000, 0x0000000090900000, 0x0000000090a00000|  0%| F|  |TAMS 0x0000000090900000, 0x0000000090900000| Untracked 
| 266|0x0000000090a00000, 0x0000000090a00000, 0x0000000090b00000|  0%| F|  |TAMS 0x0000000090a00000, 0x0000000090a00000| Untracked 
| 267|0x0000000090b00000, 0x0000000090b00000, 0x0000000090c00000|  0%| F|  |TAMS 0x0000000090b00000, 0x0000000090b00000| Untracked 
| 268|0x0000000090c00000, 0x0000000090c00000, 0x0000000090d00000|  0%| F|  |TAMS 0x0000000090c00000, 0x0000000090c00000| Untracked 
| 269|0x0000000090d00000, 0x0000000090d00000, 0x0000000090e00000|  0%| F|  |TAMS 0x0000000090d00000, 0x0000000090d00000| Untracked 
| 270|0x0000000090e00000, 0x0000000090e00000, 0x0000000090f00000|  0%| F|  |TAMS 0x0000000090e00000, 0x0000000090e00000| Untracked 
| 271|0x0000000090f00000, 0x0000000090f00000, 0x0000000091000000|  0%| F|  |TAMS 0x0000000090f00000, 0x0000000090f00000| Untracked 
| 272|0x0000000091000000, 0x0000000091000000, 0x0000000091100000|  0%| F|  |TAMS 0x0000000091000000, 0x0000000091000000| Untracked 
| 273|0x0000000091100000, 0x0000000091100000, 0x0000000091200000|  0%| F|  |TAMS 0x0000000091100000, 0x0000000091100000| Untracked 
| 274|0x0000000091200000, 0x0000000091200000, 0x0000000091300000|  0%| F|  |TAMS 0x0000000091200000, 0x0000000091200000| Untracked 
| 275|0x0000000091300000, 0x0000000091300000, 0x0000000091400000|  0%| F|  |TAMS 0x0000000091300000, 0x0000000091300000| Untracked 
| 276|0x0000000091400000, 0x00000000914db7a0, 0x0000000091500000| 85%| S|CS|TAMS 0x0000000091400000, 0x0000000091400000| Complete 
| 277|0x0000000091500000, 0x0000000091600000, 0x0000000091600000|100%| S|CS|TAMS 0x0000000091500000, 0x0000000091500000| Complete 
| 278|0x0000000091600000, 0x0000000091700000, 0x0000000091700000|100%| S|CS|TAMS 0x0000000091600000, 0x0000000091600000| Complete 
| 279|0x0000000091700000, 0x0000000091700000, 0x0000000091800000|  0%| F|  |TAMS 0x0000000091700000, 0x0000000091700000| Untracked 
| 280|0x0000000091800000, 0x0000000091800000, 0x0000000091900000|  0%| F|  |TAMS 0x0000000091800000, 0x0000000091800000| Untracked 
| 281|0x0000000091900000, 0x0000000091900000, 0x0000000091a00000|  0%| F|  |TAMS 0x0000000091900000, 0x0000000091900000| Untracked 
| 282|0x0000000091a00000, 0x0000000091a00000, 0x0000000091b00000|  0%| F|  |TAMS 0x0000000091a00000, 0x0000000091a00000| Untracked 
| 283|0x0000000091b00000, 0x0000000091be3180, 0x0000000091c00000| 88%| E|  |TAMS 0x0000000091b00000, 0x0000000091b00000| Complete 
|2044|0x00000000ffc00000, 0x00000000ffd00000, 0x00000000ffd00000|100%| E|CS|TAMS 0x00000000ffc00000, 0x00000000ffc00000| Complete 
|2045|0x00000000ffd00000, 0x00000000ffe00000, 0x00000000ffe00000|100%| O|  |TAMS 0x00000000ffe00000, 0x00000000ffd00000| Untracked 
|2046|0x00000000ffe00000, 0x00000000fff00000, 0x00000000fff00000|100%| O|  |TAMS 0x00000000fff00000, 0x00000000ffe00000| Untracked 
|2047|0x00000000fff00000, 0x0000000100000000, 0x0000000100000000|100%| O|  |TAMS 0x0000000100000000, 0x00000000fff00000| Untracked 

Card table byte_map: [0x00000253c25f0000,0x00000253c29f0000] _byte_map_base: 0x00000253c21f0000

Marking Bits (Prev, Next): (CMBitMap*) 0x00000253ab448290, (CMBitMap*) 0x00000253ab4482d0
 Prev Bits: [0x00000253c2df0000, 0x00000253c4df0000)
 Next Bits: [0x00000253c4df0000, 0x00000253c6df0000)

Polling page: 0x00000253a92f0000

Metaspace:

Usage:
  Non-class:    103.44 MB used.
      Class:     17.17 MB used.
       Both:    120.61 MB used.

Virtual space:
  Non-class space:      128.00 MB reserved,     103.94 MB ( 81%) committed,  2 nodes.
      Class space:        1.00 GB reserved,      17.56 MB (  2%) committed,  1 nodes.
             Both:        1.12 GB reserved,     121.50 MB ( 11%) committed. 

Chunk freelists:
   Non-Class:  7.98 MB
       Class:  14.49 MB
        Both:  22.47 MB

MaxMetaspaceSize: unlimited
CompressedClassSpaceSize: 1.00 GB
Initial GC threshold: 21.00 MB
Current GC threshold: 144.00 MB
CDS: on
MetaspaceReclaimPolicy: balanced
 - commit_granule_bytes: 65536.
 - commit_granule_words: 8192.
 - virtual_space_node_default_size: 8388608.
 - enlarge_chunks_in_place: 1.
 - new_chunks_are_fully_committed: 0.
 - uncommit_free_chunks: 1.
 - use_allocation_guard: 0.
 - handle_deallocations: 1.


Internal statistics:

num_allocs_failed_limit: 6.
num_arena_births: 1238.
num_arena_deaths: 74.
num_vsnodes_births: 3.
num_vsnodes_deaths: 0.
num_space_committed: 1944.
num_space_uncommitted: 0.
num_chunks_returned_to_freelist: 117.
num_chunks_taken_from_freelist: 6264.
num_chunk_merges: 55.
num_chunk_splits: 4294.
num_chunks_enlarged: 3046.
num_inconsistent_stats: 0.

CodeHeap 'non-profiled nmethods': size=120000Kb used=11288Kb max_used=11288Kb free=108711Kb
 bounds [0x00000253ba770000, 0x00000253bb280000, 0x00000253c1ca0000]
CodeHeap 'profiled nmethods': size=120000Kb used=29333Kb max_used=29333Kb free=90667Kb
 bounds [0x00000253b2ca0000, 0x00000253b4950000, 0x00000253ba1d0000]
CodeHeap 'non-nmethods': size=5760Kb used=2470Kb max_used=2537Kb free=3290Kb
 bounds [0x00000253ba1d0000, 0x00000253ba460000, 0x00000253ba770000]
 total_blobs=17019 nmethods=16028 adapters=902
 compilation: enabled
              stopped_count=0, restarted_count=0
 full_count=0

Compilation events (20 events):
Event: 21.736 Thread 0x00000254120cf540 19839       4       java.lang.String::indexOf (18 bytes)
Event: 21.737 Thread 0x00000253c9ae0780 19857       3       java.lang.invoke.MethodHandle::viewAsType (33 bytes)
Event: 21.738 Thread 0x00000253c9ae0780 nmethod 19857 0x00000253b493f010 code [0x00000253b493f1c0, 0x00000253b493f3a8]
Event: 21.738 Thread 0x00000253c9ae0780 19858       3       java.lang.invoke.StringConcatFactory::generateMHInlineCopy (622 bytes)
Event: 21.738 Thread 0x00000254120cf540 nmethod 19839 0x00000253bb26b810 code [0x00000253bb26b9a0, 0x00000253bb26c0b8]
Event: 21.739 Thread 0x00000254120cf540 19822       4       kotlin.text.StringsKt__StringsJVMKt::regionMatches (42 bytes)
Event: 21.741 Thread 0x00000253c9ae0780 nmethod 19858 0x00000253b493f490 code [0x00000253b493fb40, 0x00000253b4943e98]
Event: 21.745 Thread 0x00000253c9ad4320 nmethod 19833 0x00000253bb26c310 code [0x00000253bb26c4e0, 0x00000253bb26ceb8]
Event: 21.745 Thread 0x00000253c9ad4320 19840       4       kotlin.text.StringsKt__StringsJVMKt::endsWith (44 bytes)
Event: 21.753 Thread 0x00000254120ce550 nmethod 19768 0x00000253bb26d610 code [0x00000253bb26d900, 0x00000253bb2710a0]
Event: 21.753 Thread 0x00000254120ce550 19838       4       kotlin.text.StringsKt__StringsKt::indexOf (57 bytes)
Event: 21.754 Thread 0x00000254120cf540 nmethod 19822 0x00000253bb272710 code [0x00000253bb2728e0, 0x00000253bb273358]
Event: 21.754 Thread 0x00000254120cf540 19809       4       com.android.zipflinger.Ints::ushortToInt (5 bytes)
Event: 21.754 Thread 0x00000254120cf540 nmethod 19809 0x00000253bb273b10 code [0x00000253bb273c80, 0x00000253bb273cd8]
Event: 21.754 Thread 0x00000254120cf540 19816       4       com.android.zipflinger.Ints::uintToLong (7 bytes)
Event: 21.754 Thread 0x00000254120cf540 nmethod 19816 0x00000253bb273e10 code [0x00000253bb273f80, 0x00000253bb273fd8]
Event: 21.755 Thread 0x00000254120cf540 19819       4       com.android.zipflinger.Location::size (12 bytes)
Event: 21.755 Thread 0x00000254120cf540 nmethod 19819 0x00000253bb274110 code [0x00000253bb274280, 0x00000253bb274318]
Event: 21.757 Thread 0x00000254120ce550 nmethod 19838 0x00000253bb274410 code [0x00000253bb2745a0, 0x00000253bb274d38]
Event: 21.761 Thread 0x00000253c9ad4320 nmethod 19840 0x00000253bb275010 code [0x00000253bb2751c0, 0x00000253bb275af8]

GC Heap History (20 events):
Event: 12.402 GC heap before
{Heap before GC invocations=46 (full 0):
 garbage-first heap   total 235520K, used 172256K [0x0000000080000000, 0x0000000100000000)
  region size 1024K, 65 young (66560K), 1 survivors (1024K)
 Metaspace       used 87718K, committed 88448K, reserved 1179648K
  class space    used 12068K, committed 12416K, reserved 1048576K
}
Event: 12.406 GC heap after
{Heap after GC invocations=47 (full 0):
 garbage-first heap   total 294912K, used 109936K [0x0000000080000000, 0x0000000100000000)
  region size 1024K, 3 young (3072K), 3 survivors (3072K)
 Metaspace       used 87718K, committed 88448K, reserved 1179648K
  class space    used 12068K, committed 12416K, reserved 1048576K
}
Event: 15.294 GC heap before
{Heap before GC invocations=48 (full 0):
 garbage-first heap   total 294912K, used 208240K [0x0000000080000000, 0x0000000100000000)
  region size 1024K, 107 young (109568K), 3 survivors (3072K)
 Metaspace       used 88769K, committed 89472K, reserved 1179648K
  class space    used 12181K, committed 12544K, reserved 1048576K
}
Event: 15.301 GC heap after
{Heap after GC invocations=49 (full 0):
 garbage-first heap   total 294912K, used 111881K [0x0000000080000000, 0x0000000100000000)
  region size 1024K, 12 young (12288K), 12 survivors (12288K)
 Metaspace       used 88769K, committed 89472K, reserved 1179648K
  class space    used 12181K, committed 12544K, reserved 1048576K
}
Event: 15.318 GC heap before
{Heap before GC invocations=49 (full 0):
 garbage-first heap   total 294912K, used 113929K [0x0000000080000000, 0x0000000100000000)
  region size 1024K, 14 young (14336K), 12 survivors (12288K)
 Metaspace       used 88846K, committed 89536K, reserved 1179648K
  class space    used 12190K, committed 12544K, reserved 1048576K
}
Event: 15.322 GC heap after
{Heap after GC invocations=50 (full 0):
 garbage-first heap   total 294912K, used 110371K [0x0000000080000000, 0x0000000100000000)
  region size 1024K, 2 young (2048K), 2 survivors (2048K)
 Metaspace       used 88846K, committed 89536K, reserved 1179648K
  class space    used 12190K, committed 12544K, reserved 1048576K
}
Event: 17.027 GC heap before
{Heap before GC invocations=50 (full 0):
 garbage-first heap   total 294912K, used 219939K [0x0000000080000000, 0x0000000100000000)
  region size 1024K, 108 young (110592K), 2 survivors (2048K)
 Metaspace       used 96627K, committed 97344K, reserved 1179648K
  class space    used 13115K, committed 13440K, reserved 1048576K
}
Event: 17.034 GC heap after
{Heap after GC invocations=51 (full 0):
 garbage-first heap   total 294912K, used 128836K [0x0000000080000000, 0x0000000100000000)
  region size 1024K, 14 young (14336K), 14 survivors (14336K)
 Metaspace       used 96627K, committed 97344K, reserved 1179648K
  class space    used 13115K, committed 13440K, reserved 1048576K
}
Event: 18.055 GC heap before
{Heap before GC invocations=51 (full 0):
 garbage-first heap   total 294912K, used 219972K [0x0000000080000000, 0x0000000100000000)
  region size 1024K, 104 young (106496K), 14 survivors (14336K)
 Metaspace       used 100121K, committed 100864K, reserved 1179648K
  class space    used 13481K, committed 13888K, reserved 1048576K
}
Event: 18.067 GC heap after
{Heap after GC invocations=52 (full 0):
 garbage-first heap   total 294912K, used 134943K [0x0000000080000000, 0x0000000100000000)
  region size 1024K, 13 young (13312K), 13 survivors (13312K)
 Metaspace       used 100121K, committed 100864K, reserved 1179648K
  class space    used 13481K, committed 13888K, reserved 1048576K
}
Event: 18.860 GC heap before
{Heap before GC invocations=52 (full 0):
 garbage-first heap   total 294912K, used 227103K [0x0000000080000000, 0x0000000100000000)
  region size 1024K, 100 young (102400K), 13 survivors (13312K)
 Metaspace       used 105378K, committed 106112K, reserved 1179648K
  class space    used 14280K, committed 14656K, reserved 1048576K
}
Event: 18.871 GC heap after
{Heap after GC invocations=53 (full 0):
 garbage-first heap   total 294912K, used 146854K [0x0000000080000000, 0x0000000100000000)
  region size 1024K, 12 young (12288K), 12 survivors (12288K)
 Metaspace       used 105378K, committed 106112K, reserved 1179648K
  class space    used 14280K, committed 14656K, reserved 1048576K
}
Event: 19.517 GC heap before
{Heap before GC invocations=53 (full 0):
 garbage-first heap   total 294912K, used 226726K [0x0000000080000000, 0x0000000100000000)
  region size 1024K, 91 young (93184K), 12 survivors (12288K)
 Metaspace       used 114816K, committed 115648K, reserved 1179648K
  class space    used 16197K, committed 16576K, reserved 1048576K
}
Event: 19.524 GC heap after
{Heap after GC invocations=54 (full 0):
 garbage-first heap   total 294912K, used 152171K [0x0000000080000000, 0x0000000100000000)
  region size 1024K, 6 young (6144K), 6 survivors (6144K)
 Metaspace       used 114816K, committed 115648K, reserved 1179648K
  class space    used 16197K, committed 16576K, reserved 1048576K
}
Event: 19.858 GC heap before
{Heap before GC invocations=54 (full 0):
 garbage-first heap   total 294912K, used 232043K [0x0000000080000000, 0x0000000100000000)
  region size 1024K, 85 young (87040K), 6 survivors (6144K)
 Metaspace       used 119049K, committed 119872K, reserved 1179648K
  class space    used 16868K, committed 17280K, reserved 1048576K
}
Event: 19.864 GC heap after
{Heap after GC invocations=55 (full 0):
 garbage-first heap   total 294912K, used 153768K [0x0000000080000000, 0x0000000100000000)
  region size 1024K, 8 young (8192K), 8 survivors (8192K)
 Metaspace       used 119049K, committed 119872K, reserved 1179648K
  class space    used 16868K, committed 17280K, reserved 1048576K
}
Event: 20.582 GC heap before
{Heap before GC invocations=55 (full 0):
 garbage-first heap   total 294912K, used 239784K [0x0000000080000000, 0x0000000100000000)
  region size 1024K, 89 young (91136K), 8 survivors (8192K)
 Metaspace       used 122922K, committed 123776K, reserved 1179648K
  class space    used 17502K, committed 17920K, reserved 1048576K
}
Event: 20.587 GC heap after
{Heap after GC invocations=56 (full 0):
 garbage-first heap   total 294912K, used 153698K [0x0000000080000000, 0x0000000100000000)
  region size 1024K, 3 young (3072K), 3 survivors (3072K)
 Metaspace       used 122922K, committed 123776K, reserved 1179648K
  class space    used 17502K, committed 17920K, reserved 1048576K
}
Event: 21.702 GC heap before
{Heap before GC invocations=56 (full 0):
 garbage-first heap   total 294912K, used 182370K [0x0000000080000000, 0x0000000100000000)
  region size 1024K, 9 young (9216K), 3 survivors (3072K)
 Metaspace       used 123473K, committed 124352K, reserved 1179648K
  class space    used 17591K, committed 17984K, reserved 1048576K
}
Event: 21.705 GC heap after
{Heap after GC invocations=57 (full 0):
 garbage-first heap   total 294912K, used 177104K [0x0000000080000000, 0x0000000100000000)
  region size 1024K, 3 young (3072K), 3 survivors (3072K)
 Metaspace       used 123473K, committed 124352K, reserved 1179648K
  class space    used 17591K, committed 17984K, reserved 1048576K
}

Deoptimization events (20 events):
Event: 20.620 Thread 0x0000025415801b10 Uncommon trap: trap_request=0xffffffde fr.pc=0x00000253bafc53ec relative=0x000000000000032c
Event: 20.620 Thread 0x0000025415801b10 Uncommon trap: reason=class_check action=maybe_recompile pc=0x00000253bafc53ec method=com.google.common.collect.Iterables.castOrCopyToCollection(Ljava/lang/Iterable;)Ljava/util/Collection; @ 1 c2
Event: 20.620 Thread 0x0000025415801b10 DEOPT PACKING pc=0x00000253bafc53ec sp=0x0000007272cfe3a0
Event: 20.620 Thread 0x0000025415801b10 DEOPT UNPACKING pc=0x00000253ba225ba3 sp=0x0000007272cfe290 mode 2
Event: 20.620 Thread 0x0000025415801b10 Uncommon trap: trap_request=0xffffffde fr.pc=0x00000253bafee828 relative=0x00000000000004a8
Event: 20.620 Thread 0x0000025415801b10 Uncommon trap: reason=class_check action=maybe_recompile pc=0x00000253bafee828 method=com.google.common.collect.ImmutableMap.copyOf(Ljava/util/Map;)Lcom/google/common/collect/ImmutableMap; @ 49 c2
Event: 20.620 Thread 0x0000025415801b10 DEOPT PACKING pc=0x00000253bafee828 sp=0x0000007272cfe410
Event: 20.620 Thread 0x0000025415801b10 DEOPT UNPACKING pc=0x00000253ba225ba3 sp=0x0000007272cfe3d8 mode 2
Event: 20.620 Thread 0x0000025415801b10 Uncommon trap: trap_request=0xffffffde fr.pc=0x00000253bafc53ec relative=0x000000000000032c
Event: 20.620 Thread 0x0000025415801b10 Uncommon trap: reason=class_check action=maybe_recompile pc=0x00000253bafc53ec method=com.google.common.collect.Iterables.castOrCopyToCollection(Ljava/lang/Iterable;)Ljava/util/Collection; @ 1 c2
Event: 20.620 Thread 0x0000025415801b10 DEOPT PACKING pc=0x00000253bafc53ec sp=0x0000007272cfe3a0
Event: 20.620 Thread 0x0000025415801b10 DEOPT UNPACKING pc=0x00000253ba225ba3 sp=0x0000007272cfe290 mode 2
Event: 20.620 Thread 0x0000025415801b10 Uncommon trap: trap_request=0xffffffde fr.pc=0x00000253bafc53ec relative=0x000000000000032c
Event: 20.620 Thread 0x0000025415801b10 Uncommon trap: reason=class_check action=maybe_recompile pc=0x00000253bafc53ec method=com.google.common.collect.Iterables.castOrCopyToCollection(Ljava/lang/Iterable;)Ljava/util/Collection; @ 1 c2
Event: 20.620 Thread 0x0000025415801b10 DEOPT PACKING pc=0x00000253bafc53ec sp=0x0000007272cfe3b0
Event: 20.620 Thread 0x0000025415801b10 DEOPT UNPACKING pc=0x00000253ba225ba3 sp=0x0000007272cfe2a0 mode 2
Event: 20.666 Thread 0x00000254153ccf00 Uncommon trap: trap_request=0xffffff45 fr.pc=0x00000253bab0dd54 relative=0x0000000000000374
Event: 20.666 Thread 0x00000254153ccf00 Uncommon trap: reason=unstable_if action=reinterpret pc=0x00000253bab0dd54 method=java.lang.ThreadLocal.get()Ljava/lang/Object; @ 11 c2
Event: 20.666 Thread 0x00000254153ccf00 DEOPT PACKING pc=0x00000253bab0dd54 sp=0x00000072744feea0
Event: 20.666 Thread 0x00000254153ccf00 DEOPT UNPACKING pc=0x00000253ba225ba3 sp=0x00000072744fedf0 mode 2

Classes unloaded (20 events):
Event: 21.773 Thread 0x00000253c9ab85b0 Unloading class 0x00000253cbf01000 'java/lang/invoke/LambdaForm$DMH+0x00000253cbf01000'
Event: 21.773 Thread 0x00000253c9ab85b0 Unloading class 0x00000253cbf01400 'java/lang/invoke/LambdaForm$DMH+0x00000253cbf01400'
Event: 21.773 Thread 0x00000253c9ab85b0 Unloading class 0x00000253cbf00c00 'java/lang/invoke/LambdaForm$DMH+0x00000253cbf00c00'
Event: 21.773 Thread 0x00000253c9ab85b0 Unloading class 0x00000253cbf00800 'java/lang/invoke/LambdaForm$DMH+0x00000253cbf00800'
Event: 21.773 Thread 0x00000253c9ab85b0 Unloading class 0x00000253cbf00400 'java/lang/invoke/LambdaForm$DMH+0x00000253cbf00400'
Event: 21.773 Thread 0x00000253c9ab85b0 Unloading class 0x00000253cbf00000 'java/lang/invoke/LambdaForm$DMH+0x00000253cbf00000'
Event: 21.773 Thread 0x00000253c9ab85b0 Unloading class 0x00000253cbefb800 'java/lang/invoke/LambdaForm$DMH+0x00000253cbefb800'
Event: 21.773 Thread 0x00000253c9ab85b0 Unloading class 0x00000253cbefbc00 'java/lang/invoke/LambdaForm$DMH+0x00000253cbefbc00'
Event: 21.773 Thread 0x00000253c9ab85b0 Unloading class 0x00000253cbefb400 'java/lang/invoke/LambdaForm$DMH+0x00000253cbefb400'
Event: 21.773 Thread 0x00000253c9ab85b0 Unloading class 0x00000253cbefac00 'java/lang/invoke/LambdaForm$DMH+0x00000253cbefac00'
Event: 21.773 Thread 0x00000253c9ab85b0 Unloading class 0x00000253cbefb000 'java/lang/invoke/LambdaForm$DMH+0x00000253cbefb000'
Event: 21.773 Thread 0x00000253c9ab85b0 Unloading class 0x00000253cbefa400 'java/lang/invoke/LambdaForm$DMH+0x00000253cbefa400'
Event: 21.773 Thread 0x00000253c9ab85b0 Unloading class 0x00000253cbefa000 'java/lang/invoke/LambdaForm$DMH+0x00000253cbefa000'
Event: 21.773 Thread 0x00000253c9ab85b0 Unloading class 0x00000253cbef9c00 'java/lang/invoke/LambdaForm$DMH+0x00000253cbef9c00'
Event: 21.773 Thread 0x00000253c9ab85b0 Unloading class 0x00000253cbef9800 'java/lang/invoke/LambdaForm$DMH+0x00000253cbef9800'
Event: 21.773 Thread 0x00000253c9ab85b0 Unloading class 0x00000253cbef9000 'java/lang/invoke/LambdaForm$DMH+0x00000253cbef9000'
Event: 21.773 Thread 0x00000253c9ab85b0 Unloading class 0x00000253cbef8800 'java/lang/invoke/LambdaForm$DMH+0x00000253cbef8800'
Event: 21.773 Thread 0x00000253c9ab85b0 Unloading class 0x00000253cbef9400 'java/lang/invoke/LambdaForm$DMH+0x00000253cbef9400'
Event: 21.773 Thread 0x00000253c9ab85b0 Unloading class 0x00000253cbef8c00 'java/lang/invoke/LambdaForm$DMH+0x00000253cbef8c00'
Event: 21.773 Thread 0x00000253c9ab85b0 Unloading class 0x00000253cbef8400 'java/lang/invoke/LambdaForm$DMH+0x00000253cbef8400'

Classes redefined (0 events):
No events

Internal exceptions (20 events):
Event: 20.254 Thread 0x0000025413220db0 Exception <a 'java/lang/NoSuchMethodError'{0x000000008e4911b8}: 'long java.lang.invoke.DirectMethodHandle$Holder.invokeStatic(java.lang.Object, java.lang.Object, java.lang.Object)'> (0x000000008e4911b8) 
thrown [s\open\src\hotspot\share\interpreter\linkResolver.cpp, line 759]
Event: 20.254 Thread 0x00000254132212c0 Exception <a 'java/lang/NoSuchMethodError'{0x000000008e4a3b90}: 'long java.lang.invoke.DirectMethodHandle$Holder.invokeStatic(java.lang.Object, java.lang.Object, java.lang.Object)'> (0x000000008e4a3b90) 
thrown [s\open\src\hotspot\share\interpreter\linkResolver.cpp, line 759]
Event: 20.261 Thread 0x00000254132212c0 Exception <a 'sun/nio/fs/WindowsException'{0x000000008e3d3298}> (0x000000008e3d3298) 
thrown [s\open\src\hotspot\share\prims\jni.cpp, line 516]
Event: 20.270 Thread 0x0000025411e29d00 Exception <a 'sun/nio/fs/WindowsException'{0x000000008e1ca600}> (0x000000008e1ca600) 
thrown [s\open\src\hotspot\share\prims\jni.cpp, line 516]
Event: 20.276 Thread 0x0000025411e297f0 Exception <a 'sun/nio/fs/WindowsException'{0x000000008e0e8bd0}> (0x000000008e0e8bd0) 
thrown [s\open\src\hotspot\share\prims\jni.cpp, line 516]
Event: 20.390 Thread 0x0000025413220db0 Exception <a 'sun/nio/fs/WindowsException'{0x000000008d3e46c8}> (0x000000008d3e46c8) 
thrown [s\open\src\hotspot\share\prims\jni.cpp, line 516]
Event: 20.403 Thread 0x0000025411e56fc0 Exception <a 'sun/nio/fs/WindowsException'{0x000000008fddedd0}> (0x000000008fddedd0) 
thrown [s\open\src\hotspot\share\prims\jni.cpp, line 516]
Event: 20.403 Thread 0x0000025411e56fc0 Exception <a 'sun/nio/fs/WindowsException'{0x000000008fde10f0}> (0x000000008fde10f0) 
thrown [s\open\src\hotspot\share\prims\jni.cpp, line 516]
Event: 20.433 Thread 0x0000025411e56fc0 Exception <a 'sun/nio/fs/WindowsException'{0x000000008d2fdf88}> (0x000000008d2fdf88) 
thrown [s\open\src\hotspot\share\prims\jni.cpp, line 516]
Event: 20.433 Thread 0x0000025411e56fc0 Exception <a 'sun/nio/fs/WindowsException'{0x000000008d2fee08}> (0x000000008d2fee08) 
thrown [s\open\src\hotspot\share\prims\jni.cpp, line 516]
Event: 20.529 Thread 0x0000025415801b10 Exception <a 'sun/nio/fs/WindowsException'{0x000000008cc4a500}> (0x000000008cc4a500) 
thrown [s\open\src\hotspot\share\prims\jni.cpp, line 516]
Event: 20.594 Thread 0x0000025415801b10 Exception <a 'java/lang/NoSuchMethodError'{0x00000000ffc2ca38}: 'java.lang.Object java.lang.invoke.DirectMethodHandle$Holder.newInvokeSpecial(java.lang.Object, java.lang.Object, java.lang.Object, java.lang.Object, java.lang.Object, int, java.lang.Object)'> (0x00000000ffc2ca38) 
thrown [s\open\src\hotspot\share\interpreter\linkResolver.cpp, line 759]
Event: 20.595 Thread 0x0000025415801b10 Exception <a 'java/lang/NoSuchMethodError'{0x00000000ffc356a8}: 'java.lang.Object java.lang.invoke.Invokers$Holder.linkToTargetMethod(java.lang.Object, java.lang.Object, java.lang.Object, java.lang.Object, int, java.lang.Object, java.lang.Object)'> (0x00000000ffc356a8) 
thrown [s\open\src\hotspot\share\interpreter\linkResolver.cpp, line 759]
Event: 20.599 Thread 0x0000025415801b10 Implicit null exception at 0x00000253bb24f991 to 0x00000253bb24fad0
Event: 20.604 Thread 0x0000025415801b10 Exception <a 'java/lang/NoSuchMethodError'{0x00000000ffcc8348}: 'java.lang.Object java.lang.invoke.DirectMethodHandle$Holder.newInvokeSpecial(java.lang.Object, java.lang.Object, java.lang.Object, java.lang.Object, java.lang.Object, java.lang.Object, java.lang.Object, int)'> (0x00000000ffcc8348) 
thrown [s\open\src\hotspot\share\interpreter\linkResolver.cpp, line 759]
Event: 20.604 Thread 0x0000025415801b10 Exception <a 'java/lang/NoSuchMethodError'{0x00000000ffccd5a0}: 'java.lang.Object java.lang.invoke.DirectMethodHandle$Holder.invokeSpecial(java.lang.Object, java.lang.Object, java.lang.Object, java.lang.Object, java.lang.Object, java.lang.Object, java.lang.Object, java.lang.Object, int)'> (0x00000000ffccd5a0) 
thrown [s\open\src\hotspot\share\interpreter\linkResolver.cpp, line 759]
Event: 20.604 Thread 0x0000025415801b10 Exception <a 'java/lang/NoSuchMethodError'{0x00000000ffcd2020}: 'java.lang.Object java.lang.invoke.Invokers$Holder.linkToTargetMethod(java.lang.Object, java.lang.Object, java.lang.Object, java.lang.Object, java.lang.Object, java.lang.Object, int, java.lang.Object)'> (0x00000000ffcd2020) 
thrown [s\open\src\hotspot\share\interpreter\linkResolver.cpp, line 759]
Event: 20.657 Thread 0x0000025415801b10 Exception <a 'sun/nio/fs/WindowsException'{0x000000009180b698}> (0x000000009180b698) 
thrown [s\open\src\hotspot\share\prims\jni.cpp, line 516]
Event: 20.657 Thread 0x0000025415801b10 Exception <a 'sun/nio/fs/WindowsException'{0x000000009180b9f0}> (0x000000009180b9f0) 
thrown [s\open\src\hotspot\share\prims\jni.cpp, line 516]
Event: 20.666 Thread 0x00000254153ccf00 Implicit null exception at 0x00000253bab0da10 to 0x00000253bab0dd3c

VM Operations (20 events):
Event: 20.253 Executing VM operation: HandshakeAllThreads done
Event: 20.309 Executing VM operation: ICBufferFull
Event: 20.309 Executing VM operation: ICBufferFull done
Event: 20.522 Executing VM operation: HandshakeAllThreads
Event: 20.522 Executing VM operation: HandshakeAllThreads done
Event: 20.532 Executing VM operation: HandshakeAllThreads
Event: 20.532 Executing VM operation: HandshakeAllThreads done
Event: 20.540 Executing VM operation: HandshakeAllThreads
Event: 20.540 Executing VM operation: HandshakeAllThreads done
Event: 20.543 Executing VM operation: HandshakeAllThreads
Event: 20.543 Executing VM operation: HandshakeAllThreads done
Event: 20.582 Executing VM operation: G1CollectForAllocation
Event: 20.587 Executing VM operation: G1CollectForAllocation done
Event: 20.598 Executing VM operation: HandshakeAllThreads
Event: 20.598 Executing VM operation: HandshakeAllThreads done
Event: 20.669 Executing VM operation: G1TryInitiateConcMark
Event: 20.676 Executing VM operation: G1TryInitiateConcMark done
Event: 20.676 Executing VM operation: G1CollectForAllocation
Event: 21.705 Executing VM operation: G1CollectForAllocation done
Event: 21.772 Executing VM operation: G1Concurrent

Events (20 events):
Event: 20.611 loading class java/security/PKCS12Attribute
Event: 20.612 loading class java/security/KeyStore$Entry$Attribute
Event: 20.612 loading class java/security/KeyStore$Entry$Attribute done
Event: 20.612 loading class java/security/PKCS12Attribute done
Event: 20.638 loading class java/util/stream/ReferencePipeline$15
Event: 20.638 loading class java/util/stream/ReferencePipeline$15 done
Event: 20.638 loading class java/util/stream/ReferencePipeline$15$1
Event: 20.639 loading class java/util/stream/ReferencePipeline$15$1 done
Event: 20.661 loading class java/security/cert/CertificateEncodingException
Event: 20.661 loading class java/security/cert/CertificateEncodingException done
Event: 20.664 loading class java/util/concurrent/ForkJoinTask$AdaptedCallable
Event: 20.664 loading class java/util/concurrent/ForkJoinTask$AdaptedCallable done
Event: 20.665 Thread 0x00000254153ccf00 Thread added: 0x00000254153ccf00
Event: 20.665 Thread 0x00000254153cc4e0 Thread added: 0x00000254153cc4e0
Event: 20.666 Thread 0x00000254153cd920 Thread added: 0x00000254153cd920
Event: 20.666 Thread 0x00000254153cd410 Thread added: 0x00000254153cd410
Event: 20.666 Thread 0x00000254153ce340 Thread added: 0x00000254153ce340
Event: 20.667 Thread 0x00000254153cb0a0 Thread added: 0x00000254153cb0a0
Event: 20.667 Thread 0x00000254153cf780 Thread added: 0x00000254153cf780
Event: 20.668 Thread 0x00000254153d06b0 Thread added: 0x00000254153d06b0


Dynamic libraries:
0x00007ff652690000 - 0x00007ff6526a0000 	C:\Program Files\Java\jdk-17\bin\java.exe
0x00007ff883920000 - 0x00007ff883b86000 	C:\WINDOWS\SYSTEM32\ntdll.dll
0x00007ff882890000 - 0x00007ff882959000 	C:\WINDOWS\System32\KERNEL32.DLL
0x00007ff880b40000 - 0x00007ff880f3e000 	C:\WINDOWS\System32\KERNELBASE.dll
0x00007ff880f50000 - 0x00007ff88109c000 	C:\WINDOWS\System32\ucrtbase.dll
0x00007ff83ce20000 - 0x00007ff83ce39000 	C:\Program Files\Java\jdk-17\bin\jli.dll
0x00007ff843810000 - 0x00007ff84382b000 	C:\Program Files\Java\jdk-17\bin\VCRUNTIME140.dll
0x00007ff8831a0000 - 0x00007ff883257000 	C:\WINDOWS\System32\ADVAPI32.dll
0x00007ff882c10000 - 0x00007ff882cb9000 	C:\WINDOWS\System32\msvcrt.dll
0x00007ff8823a0000 - 0x00007ff88244a000 	C:\WINDOWS\System32\sechost.dll
0x00007ff8837c0000 - 0x00007ff8838d8000 	C:\WINDOWS\System32\RPCRT4.dll
0x00007ff883260000 - 0x00007ff883427000 	C:\WINDOWS\System32\USER32.dll
0x00007ff8814a0000 - 0x00007ff8814c7000 	C:\WINDOWS\System32\win32u.dll
0x00007ff883160000 - 0x00007ff88318b000 	C:\WINDOWS\System32\GDI32.dll
0x00007ff87fca0000 - 0x00007ff87ff32000 	C:\WINDOWS\WinSxS\amd64_microsoft.windows.common-controls_6595b64144ccf1df_6.0.26100.8875_none_3e0d5d42e32fe9dd\COMCTL32.dll
0x00007ff881370000 - 0x00007ff88149a000 	C:\WINDOWS\System32\gdi32full.dll
0x00007ff881230000 - 0x00007ff8812d3000 	C:\WINDOWS\System32\msvcp_win.dll
0x00007ff87e330000 - 0x00007ff87e33b000 	C:\WINDOWS\SYSTEM32\VERSION.dll
0x00007ff882ad0000 - 0x00007ff882b02000 	C:\WINDOWS\System32\IMM32.DLL
0x00007ff855720000 - 0x00007ff85572c000 	C:\Program Files\Java\jdk-17\bin\vcruntime140_1.dll
0x00007ff837b20000 - 0x00007ff837bae000 	C:\Program Files\Java\jdk-17\bin\msvcp140.dll
0x00007ffff4da0000 - 0x00007ffff5980000 	C:\Program Files\Java\jdk-17\bin\server\jvm.dll
0x00007ff882cc0000 - 0x00007ff882cc8000 	C:\WINDOWS\System32\PSAPI.DLL
0x00007ff862bb0000 - 0x00007ff862bba000 	C:\WINDOWS\SYSTEM32\WSOCK32.dll
0x00007ff8721c0000 - 0x00007ff8721f6000 	C:\WINDOWS\SYSTEM32\WINMM.dll
0x00007ff882800000 - 0x00007ff882880000 	C:\WINDOWS\System32\WS2_32.dll
0x00007ff87f150000 - 0x00007ff87f16b000 	C:\WINDOWS\SYSTEM32\kernel.appcore.dll
0x00007ff8553b0000 - 0x00007ff8553ba000 	C:\Program Files\Java\jdk-17\bin\jimage.dll
0x00007ff8804f0000 - 0x00007ff880732000 	C:\WINDOWS\SYSTEM32\DBGHELP.DLL
0x00007ff883430000 - 0x00007ff8837b3000 	C:\WINDOWS\System32\combase.dll
0x00007ff881830000 - 0x00007ff881909000 	C:\WINDOWS\System32\OLEAUT32.dll
0x00007ff880270000 - 0x00007ff8802ab000 	C:\WINDOWS\SYSTEM32\dbgcore.DLL
0x00007ff8814d0000 - 0x00007ff88157c000 	C:\WINDOWS\System32\bcryptPrimitives.dll
0x00007ff853260000 - 0x00007ff85326e000 	C:\Program Files\Java\jdk-17\bin\instrument.dll
0x00007ff83cdf0000 - 0x00007ff83ce15000 	C:\Program Files\Java\jdk-17\bin\java.dll
0x00007ff81b310000 - 0x00007ff81b3e7000 	C:\Program Files\Java\jdk-17\bin\jsvml.dll
0x00007ff881c00000 - 0x00007ff882392000 	C:\WINDOWS\System32\SHELL32.dll
0x00007ff87d5e0000 - 0x00007ff87de72000 	C:\WINDOWS\SYSTEM32\windows.storage.dll
0x00007ff882b10000 - 0x00007ff882c07000 	C:\WINDOWS\System32\SHCORE.dll
0x00007ff881b80000 - 0x00007ff881be7000 	C:\WINDOWS\System32\shlwapi.dll
0x00007ff880a60000 - 0x00007ff880a89000 	C:\WINDOWS\SYSTEM32\profapi.dll
0x00007ff83b310000 - 0x00007ff83b328000 	C:\Program Files\Java\jdk-17\bin\zip.dll
0x00007ff83cc00000 - 0x00007ff83cc19000 	C:\Program Files\Java\jdk-17\bin\net.dll
0x00007ff87f4e0000 - 0x00007ff87f607000 	C:\WINDOWS\SYSTEM32\WINHTTP.dll
0x00007ff87ede0000 - 0x00007ff87ee4c000 	C:\WINDOWS\system32\mswsock.dll
0x00007ff83b330000 - 0x00007ff83b346000 	C:\Program Files\Java\jdk-17\bin\nio.dll
0x00007ff855170000 - 0x00007ff855180000 	C:\Program Files\Java\jdk-17\bin\verify.dll
0x00007ff843870000 - 0x00007ff843897000 	C:\Users\Imesh\.gradle\native\c067742578af261105cb4f569cf0c3c89f3d7b1fecec35dd04571415982c5e48\windows-amd64\native-platform.dll
0x00007ff81f6e0000 - 0x00007ff81f824000 	C:\Users\Imesh\.gradle\native\100fb08df4bc3b14c8652ba06237920a3bd2aa13389f12d3474272988ae205f9\windows-amd64\native-platform-file-events.dll
0x00007ff854f60000 - 0x00007ff854f6a000 	C:\Program Files\Java\jdk-17\bin\management.dll
0x00007ff8532a0000 - 0x00007ff8532ab000 	C:\Program Files\Java\jdk-17\bin\management_ext.dll
0x00007ff880760000 - 0x00007ff88077b000 	C:\WINDOWS\SYSTEM32\CRYPTSP.dll
0x00007ff87e830000 - 0x00007ff87e869000 	C:\WINDOWS\system32\rsaenh.dll
0x00007ff87f080000 - 0x00007ff87f0b2000 	C:\WINDOWS\SYSTEM32\USERENV.dll
0x00007ff880a30000 - 0x00007ff880a5a000 	C:\WINDOWS\SYSTEM32\bcrypt.dll
0x00007ff87efd0000 - 0x00007ff87efdc000 	C:\WINDOWS\SYSTEM32\CRYPTBASE.dll
0x00007ff87e290000 - 0x00007ff87e2c3000 	C:\WINDOWS\SYSTEM32\IPHLPAPI.DLL
0x00007ff883190000 - 0x00007ff88319a000 	C:\WINDOWS\System32\NSI.dll
0x00007ff87f7e0000 - 0x00007ff87f7fd000 	C:\WINDOWS\SYSTEM32\dhcpcsvc6.DLL
0x00007ff87f790000 - 0x00007ff87f7b5000 	C:\WINDOWS\SYSTEM32\dhcpcsvc.DLL
0x00007ff87e340000 - 0x00007ff87e496000 	C:\WINDOWS\SYSTEM32\DNSAPI.dll
0x00007ff87ec00000 - 0x00007ff87ec0d000 	C:\WINDOWS\SYSTEM32\DSPARSE.dll
0x00007ff853190000 - 0x00007ff85319e000 	C:\Program Files\Java\jdk-17\bin\sunmscapi.dll
0x00007ff8810b0000 - 0x00007ff881228000 	C:\WINDOWS\System32\CRYPT32.dll
0x00007ff87fc60000 - 0x00007ff87fc90000 	C:\WINDOWS\SYSTEM32\ncrypt.dll
0x00007ff87fc10000 - 0x00007ff87fc4f000 	C:\WINDOWS\SYSTEM32\NTASN1.dll
0x00007ff837290000 - 0x00007ff837298000 	C:\WINDOWS\system32\wshunix.dll
0x00007ff880440000 - 0x00007ff880476000 	C:\WINDOWS\SYSTEM32\ntmarta.dll

dbghelp: loaded successfully - version: 4.0.5 - missing functions: none
symbol engine: initialized successfully - sym options: 0x614 - pdb path: .;C:\Program Files\Java\jdk-17\bin;C:\WINDOWS\SYSTEM32;C:\WINDOWS\WinSxS\amd64_microsoft.windows.common-controls_6595b64144ccf1df_6.0.26100.8875_none_3e0d5d42e32fe9dd;C:\Program Files\Java\jdk-17\bin\server;C:\Users\Imesh\.gradle\native\c067742578af261105cb4f569cf0c3c89f3d7b1fecec35dd04571415982c5e48\windows-amd64;C:\Users\Imesh\.gradle\native\100fb08df4bc3b14c8652ba06237920a3bd2aa13389f12d3474272988ae205f9\windows-amd64

VM Arguments:
jvm_args: --add-opens=java.base/java.util=ALL-UNNAMED --add-opens=java.base/java.lang=ALL-UNNAMED --add-opens=java.base/java.lang.invoke=ALL-UNNAMED --add-opens=java.prefs/java.util.prefs=ALL-UNNAMED --add-exports=jdk.compiler/com.sun.tools.javac.api=ALL-UNNAMED --add-exports=jdk.compiler/com.sun.tools.javac.util=ALL-UNNAMED --add-opens=java.base/java.nio.charset=ALL-UNNAMED --add-opens=java.base/java.net=ALL-UNNAMED --add-opens=java.base/java.util.concurrent.atomic=ALL-UNNAMED -Xmx2048m -Dfile.encoding=UTF-8 -Duser.country=US -Duser.language=en -Duser.variant -javaagent:C:\Users\Imesh\.gradle\wrapper\dists\gradle-8.9-bin\90cnw93cvbtalezasaz0blq0a\gradle-8.9\lib\agents\gradle-instrumentation-agent-8.9.jar 
java_command: org.gradle.launcher.daemon.bootstrap.GradleDaemon 8.9
java_class_path (initial): C:\Users\Imesh\.gradle\wrapper\dists\gradle-8.9-bin\90cnw93cvbtalezasaz0blq0a\gradle-8.9\lib\gradle-daemon-main-8.9.jar
Launcher Type: SUN_STANDARD

[Global flags]
     intx CICompilerCount                          = 4                                         {product} {ergonomic}
     uint ConcGCThreads                            = 3                                         {product} {ergonomic}
     uint G1ConcRefinementThreads                  = 10                                        {product} {ergonomic}
   size_t G1HeapRegionSize                         = 1048576                                   {product} {ergonomic}
    uintx GCDrainStackTargetSize                   = 64                                        {product} {ergonomic}
   size_t InitialHeapSize                          = 264241152                                 {product} {ergonomic}
   size_t MarkStackSize                            = 4194304                                   {product} {ergonomic}
   size_t MaxHeapSize                              = 2147483648                                {product} {command line}
   size_t MaxNewSize                               = 1287651328                                {product} {ergonomic}
   size_t MinHeapDeltaBytes                        = 1048576                                   {product} {ergonomic}
   size_t MinHeapSize                              = 8388608                                   {product} {ergonomic}
    uintx NonNMethodCodeHeapSize                   = 5839372                                {pd product} {ergonomic}
    uintx NonProfiledCodeHeapSize                  = 122909434                              {pd product} {ergonomic}
    uintx ProfiledCodeHeapSize                     = 122909434                              {pd product} {ergonomic}
    uintx ReservedCodeCacheSize                    = 251658240                              {pd product} {ergonomic}
     bool SegmentedCodeCache                       = true                                      {product} {ergonomic}
   size_t SoftMaxHeapSize                          = 2147483648                             {manageable} {ergonomic}
     bool UseCompressedClassPointers               = true                           {product lp64_product} {ergonomic}
     bool UseCompressedOops                        = true                           {product lp64_product} {ergonomic}
     bool UseG1GC                                  = true                                      {product} {ergonomic}
     bool UseLargePagesIndividualAllocation        = false                                  {pd product} {ergonomic}

Logging:
Log output configuration:
 #0: stdout all=warning uptime,level,tags
 #1: stderr all=off uptime,level,tags

Environment Variables:
JAVA_HOME=C:\Program Files\Java\jdk-17
CLASSPATH=C:\Users\Imesh\AndroidStudioProjects\ECommerceApp\\gradle\wrapper\gradle-wrapper.jar
PATH=C:/Users/Imesh/.gemini/antigravity-cli/bin;C:\Program Files\Java\jdk-17\bin;C:\Program Files\apache-maven-3.9.4\bin;C:\Python311\Scripts\;C:\Python311\;C:\xampp\php;C:\WINDOWS\system32;C:\WINDOWS;C:\WINDOWS\System32\Wbem;C:\WINDOWS\System32\WindowsPowerShell\v1.0\;C:\WINDOWS\System32\OpenSSH\;C:\Program Files\PuTTY\;C:\Program Files\dotnet\;C:\ProgramData\ComposerSetup\bin;C:\Program Files\Google\Chrome\Application;C:\Program Files\John\run;C:\Program Files\cursor\resources\app\bin;C:\Users\Imesh\AppData\Local\Android\Sdk\platform-tools;C:\Program Files\Git\cmd;C:\Program Files\nodejs\;C:\Program Files\Java\jdk-17\bin;C:\Program Files\apache-maven-3.9.4\bin;C:\Python311\Scripts\;C:\Python311\;C:\xampp\php;C:\WINDOWS\system32;C:\WINDOWS;C:\WINDOWS\System32\Wbem;C:\WINDOWS\System32\WindowsPowerShell\v1.0\;C:\WINDOWS\System32\OpenSSH\;C:\Program Files\PuTTY\;C:\Program Files\dotnet\;C:\ProgramData\ComposerSetup\bin;C:\Program Files\Google\Chrome\Application;C:\Program Files\John\run;C:\Program Files\cursor\resources\app\bin;C:\Users\Imesh\AppData\Local\Android\Sdk\platform-tools;C:\Program Files\Git\cmd;C:\Program Files\nodejs\;C:\Users\Imesh\AppData\Local\agy\bin;C:\Program Files\MySQL\MySQL Shell 8.0\bin\;C:\Users\Imesh\AppData\Local\Microsoft\WindowsApps;C:\Users\Imesh\AppData\Local\Programs\Microsoft VS Code\bin;C:\Users\Imesh\.dotnet\tools;C:\Users\Imesh\AppData\Roaming\Composer\vendor\bin;C:\Users\Imesh\AppData\Local\GitHubDesktop\bin;C:\Program Files (x86)\Nmap;C:\Users\Imesh\AppData\Local\Programs\cursor\resources\app\bin;C:\Users\Imesh\AppData\Local\Microsoft\WinGet\Links;C:\Users\Imesh\AppData\Roaming\npm;C:\Users\Imesh\Flutter\bin;C:\Users\Imesh\AppData\Local\Programs\Ollama;C:\Users\Imesh\.local\bin;C:\Users\Imesh\.local\bin;
USERNAME=Imesh
OS=Windows_NT
PROCESSOR_IDENTIFIER=Intel64 Family 6 Model 141 Stepping 1, GenuineIntel



---------------  S Y S T E M  ---------------

OS:
 Windows 11 , 64 bit Build 26100 (10.0.26100.8875)
OS uptime: 1 days 9:55 hours
Hyper-V role detected

CPU: total 12 (initial active 12) (6 cores per cpu, 2 threads per core) family 6 model 141 stepping 1 microcode 0x50, cx8, cmov, fxsr, ht, mmx, 3dnowpref, sse, sse2, sse3, ssse3, sse4.1, sse4.2, popcnt, lzcnt, tsc, tscinvbit, avx, avx2, aes, erms, clmul, bmi1, bmi2, adx, avx512f, avx512dq, avx512cd, avx512bw, avx512vl, sha, fma, vzeroupper, avx512_vpopcntdq, avx512_vpclmulqdq, avx512_vaes, avx512_vnni, clflush, clflushopt, clwb, avx512_vbmi2, avx512_vbmi, hv

Memory: 4k page, system-wide physical 16106M (5356M free)
TotalPageFile size 20202M (AvailPageFile size 8M)
current process WorkingSet (physical memory assigned to process): 647M, peak: 647M
current process commit charge ("private bytes"): 690M, peak: 718M

vm_info: Java HotSpot(TM) 64-Bit Server VM (17.0.12+8-LTS-286) for windows-amd64 JRE (17.0.12+8-LTS-286), built on Jun  5 2024 06:46:59 by "mach5one" with MS VC++ 17.6 (VS2022)

END.
