#
# There is insufficient memory for the Java Runtime Environment to continue.
# Native memory allocation (mmap) failed to map 106954752 bytes for G1 virtual space
# Possible reasons:
#   The system is out of physical RAM or swap space
#   The process is running with CompressedOops enabled, and the Java Heap may be blocking the growth of the native heap
# Possible solutions:
#   Reduce memory load on the system
#   Increase physical memory or swap space
#   Check if swap backing store is full
#   Decrease Java heap size (-Xmx/-Xms)
#   Decrease number of Java threads
#   Decrease Java thread stack sizes (-Xss)
#   Set larger code cache with -XX:ReservedCodeCacheSize=
#   JVM is running with Unscaled Compressed Oops mode in which the Java heap is
#     placed in the first 4GB address space. The Java Heap base address is the
#     maximum limit for the native heap growth. Please use -XX:HeapBaseMinAddress
#     to set the Java Heap base and to place the Java Heap above 4GB virtual address.
# This output file may be truncated or incomplete.
#
#  Out of Memory Error (os_windows.cpp:3548), pid=16356, tid=19140
#
# JRE version: Java(TM) SE Runtime Environment (17.0.12+8) (build 17.0.12+8-LTS-286)
# Java VM: Java HotSpot(TM) 64-Bit Server VM (17.0.12+8-LTS-286, mixed mode, sharing, tiered, compressed oops, compressed class ptrs, g1 gc, windows-amd64)
# No core dump will be written. Minidumps are not enabled by default on client versions of Windows
#

---------------  S U M M A R Y ------------

Command Line: --add-opens=java.base/java.util=ALL-UNNAMED --add-opens=java.base/java.lang=ALL-UNNAMED --add-opens=java.base/java.lang.invoke=ALL-UNNAMED --add-opens=java.prefs/java.util.prefs=ALL-UNNAMED --add-exports=jdk.compiler/com.sun.tools.javac.api=ALL-UNNAMED --add-exports=jdk.compiler/com.sun.tools.javac.util=ALL-UNNAMED --add-opens=java.base/java.nio.charset=ALL-UNNAMED --add-opens=java.base/java.net=ALL-UNNAMED --add-opens=java.base/java.util.concurrent.atomic=ALL-UNNAMED -Xmx2048m -Dfile.encoding=UTF-8 -Duser.country=US -Duser.language=en -Duser.variant -javaagent:C:\Users\Imesh\.gradle\wrapper\dists\gradle-8.9-bin\90cnw93cvbtalezasaz0blq0a\gradle-8.9\lib\agents\gradle-instrumentation-agent-8.9.jar org.gradle.launcher.daemon.bootstrap.GradleDaemon 8.9

Host: 11th Gen Intel(R) Core(TM) i5-11400H @ 2.70GHz, 12 cores, 15G,  Windows 11 , 64 bit Build 26100 (10.0.26100.8875)
Time: Sat Aug  8 11:32:04 2026 Sri Lanka Standard Time elapsed time: 15.382890 seconds (0d 0h 0m 15s)

---------------  T H R E A D  ---------------

Current thread (0x000001ecc0f3c080):  VMThread "VM Thread" [stack: 0x0000002ffeb00000,0x0000002ffec00000] [id=19140]

Stack: [0x0000002ffeb00000,0x0000002ffec00000]
Native frames: (J=compiled Java code, j=interpreted, Vv=VM code, C=native code)
V  [jvm.dll+0x67a04a]
V  [jvm.dll+0x7da4ed]
V  [jvm.dll+0x7dbe33]
V  [jvm.dll+0x7dc4a3]
V  [jvm.dll+0x24508f]
V  [jvm.dll+0x677089]
V  [jvm.dll+0x66bd32]
V  [jvm.dll+0x301fa6]
V  [jvm.dll+0x309546]
V  [jvm.dll+0x359d2e]
V  [jvm.dll+0x359f5f]
V  [jvm.dll+0x2d9078]
V  [jvm.dll+0x2d74ad]
V  [jvm.dll+0x2d6afc]
V  [jvm.dll+0x31a65b]
V  [jvm.dll+0x7e0d9b]
V  [jvm.dll+0x7e1ad4]
V  [jvm.dll+0x7e1fed]
V  [jvm.dll+0x7e23c4]
V  [jvm.dll+0x7e2490]
V  [jvm.dll+0x78abea]
V  [jvm.dll+0x678f35]
C  [ucrtbase.dll+0x2cd30]
C  [KERNEL32.DLL+0x2e957]
C  [ntdll.dll+0xaad6c]

VM_Operation (0x0000002f80afe8b0): G1CollectForAllocation, mode: safepoint, requested by thread 0x000001ed08242420


---------------  P R O C E S S  ---------------

Threads class SMR info:
_java_thread_list=0x000001ed0c5b9d90, length=173, elements={
0x000001eca2869400, 0x000001ed06003680, 0x000001ed06005cd0, 0x000001ed06015b00,
0x000001ed060163d0, 0x000001ed0601b860, 0x000001ed0603ccb0, 0x000001ed06041050,
0x000001ed060434e0, 0x000001ed06051e80, 0x000001ed061526f0, 0x000001ed06151cd0,
0x000001ed061521e0, 0x000001ed06153620, 0x000001ed06152c00, 0x000001ed06154550,
0x000001ed06154040, 0x000001ed06153b30, 0x000001ed061512b0, 0x000001ed061517c0,
0x000001ed08241a00, 0x000001ed082400b0, 0x000001ed08242e40, 0x000001ed082414f0,
0x000001ed08242420, 0x000001ed08240fe0, 0x000001ed08241f10, 0x000001ed08242930,
0x000001ed082405c0, 0x000001ed08243350, 0x000001ed0823fba0, 0x000001ed08243d70,
0x000001ed08243860, 0x000001ed08244280, 0x000001ed08244790, 0x000001ed08245bd0,
0x000001ed082460e0, 0x000001ed082465f0, 0x000001ed08246b00, 0x000001ed08247010,
0x000001ed08247520, 0x000001ed06154a60, 0x000001ed0bb7ce60, 0x000001ed0bb7d370,
0x000001ed0bb7bf30, 0x000001ed0bb7e2a0, 0x000001ed0bb7d880, 0x000001ed0bb7e7b0,
0x000001ed0bb7dd90, 0x000001ed0bb7c440, 0x000001ed0bb7ecc0, 0x000001ed0bb7b510,
0x000001ed0bb7f1d0, 0x000001ed0bb7c950, 0x000001ed0bb7ba20, 0x000001ed0bb82470,
0x000001ed0bb7f6e0, 0x000001ed0bb82980, 0x000001ed0bb82e90, 0x000001ed0bb7fbf0,
0x000001ed0bb81540, 0x000001ed0bb80100, 0x000001ed0bb81f60, 0x000001ed0bb80610,
0x000001ed0bb81a50, 0x000001ed0bb80b20, 0x000001ed0bb81030, 0x000001ed0634f8a0,
0x000001ed0634ee80, 0x000001ed0634c0f0, 0x000001ed0634df50, 0x000001ed0634cb10,
0x000001ed0634e460, 0x000001ed0634c600, 0x000001ed063502c0, 0x000001ed0634e970,
0x000001ed063507d0, 0x000001ed06350ce0, 0x000001ed0634d530, 0x000001ed06352b40,
0x000001ed06353560, 0x000001ed06353050, 0x000001ed06351c10, 0x000001ed063511f0,
0x000001ed06351700, 0x000001ed06353a70, 0x000001ed06352120, 0x000001ed06352630,
0x000001ed06153110, 0x000001ed0d5b42b0, 0x000001ed0d5b51e0, 0x000001ed0d5b2960,
0x000001ed0d5b56f0, 0x000001ed0d5b3da0, 0x000001ed0d5b47c0, 0x000001ed0d5b4cd0,
0x000001ed0d5b2e70, 0x000001ed0d5b5c00, 0x000001ed0d5b2450, 0x000001ed0d5b6110,
0x000001ed0d5b6620, 0x000001ed0d5b6b30, 0x000001ed0d5b3380, 0x000001ed0d5b7040,
0x000001ed0d5b3890, 0x000001ed0d5b7a60, 0x000001ed0d5b8ea0, 0x000001ed0d5b98c0,
0x000001ed0d5b7550, 0x000001ed0d5b8480, 0x000001ed0d5b8990, 0x000001ed0d5b93b0,
0x000001ed0853b560, 0x000001ed085387d0, 0x000001ed08538ce0, 0x000001ed0853a120,
0x000001ed085391f0, 0x000001ed08539700, 0x000001ed0853b050, 0x000001ed08539c10,
0x000001ed0853a630, 0x000001ed0853ab40, 0x000001ed08537db0, 0x000001ed0853ba70,
0x000001ed085382c0, 0x000001ed0853f220, 0x000001ed0853c490, 0x000001ed0853e800,
0x000001ed0853bf80, 0x000001ed0853d8d0, 0x000001ed0853dde0, 0x000001ed0853ceb0,
0x000001ed0853ed10, 0x000001ed0853d3c0, 0x000001ed0853e2f0, 0x000001ed09c70830,
0x000001ed09c71c70, 0x000001ed09c70d40, 0x000001ed09c72180, 0x000001ed09c70320,
0x000001ed09c71760, 0x000001ed09c71250, 0x000001ed09c6e9d0, 0x000001ed09c6eee0,
0x000001ed09c6f3f0, 0x000001ed09c6f900, 0x000001ed09c6fe10, 0x000001ed08512b60,
0x000001ed08511c30, 0x000001ed08510d00, 0x000001ed085102e0, 0x000001ed085107f0,
0x000001ed08513580, 0x000001ed08513a90, 0x000001ed08511210, 0x000001ed08512140,
0x000001ed08513070, 0x000001ed08512650, 0x000001ed08513fa0, 0x000001ed085144b0,
0x000001ed0b178180, 0x000001ed0b178c20, 0x000001ed08514ed0, 0x000001ed08511720,
0x000001ed08516d30, 0x000001ed085153e0, 0x000001ed08517240, 0x000001ed08517750,
0x000001ed085158f0, 0x000001ed08515e00, 0x000001ed08516310, 0x000001ed08516820,
0x000001ed0e49b010
}

Java Threads: ( => current thread )
  0x000001eca2869400 JavaThread "main" [_thread_blocked, id=12808, stack(0x0000002ffe500000,0x0000002ffe600000)]
  0x000001ed06003680 JavaThread "Reference Handler" daemon [_thread_blocked, id=8708, stack(0x0000002ffec00000,0x0000002ffed00000)]
  0x000001ed06005cd0 JavaThread "Finalizer" daemon [_thread_blocked, id=4784, stack(0x0000002ffed00000,0x0000002ffee00000)]
  0x000001ed06015b00 JavaThread "Signal Dispatcher" daemon [_thread_blocked, id=8160, stack(0x0000002ffee00000,0x0000002ffef00000)]
  0x000001ed060163d0 JavaThread "Attach Listener" daemon [_thread_blocked, id=17496, stack(0x0000002ffef00000,0x0000002fff000000)]
  0x000001ed0601b860 JavaThread "Service Thread" daemon [_thread_blocked, id=19764, stack(0x0000002fff000000,0x0000002fff100000)]
  0x000001ed0603ccb0 JavaThread "Monitor Deflation Thread" daemon [_thread_blocked, id=4148, stack(0x0000002fff100000,0x0000002fff200000)]
  0x000001ed06041050 JavaThread "C2 CompilerThread0" daemon [_thread_blocked, id=11792, stack(0x0000002fff200000,0x0000002fff300000)]
  0x000001ed060434e0 JavaThread "C1 CompilerThread0" daemon [_thread_blocked, id=22132, stack(0x0000002fff300000,0x0000002fff400000)]
  0x000001ed06051e80 JavaThread "Sweeper thread" daemon [_thread_blocked, id=27796, stack(0x0000002fff400000,0x0000002fff500000)]
  0x000001ed061526f0 JavaThread "Common-Cleaner" daemon [_thread_blocked, id=13272, stack(0x0000002fff500000,0x0000002fff600000)]
  0x000001ed06151cd0 JavaThread "Notification Thread" daemon [_thread_blocked, id=20880, stack(0x0000002fff600000,0x0000002fff700000)]
  0x000001ed061521e0 JavaThread "Daemon health stats" [_thread_blocked, id=10708, stack(0x0000002fff800000,0x0000002fff900000)]
  0x000001ed06153620 JavaThread "Incoming local TCP Connector on port 24167" [_thread_in_native, id=14020, stack(0x0000002fff900000,0x0000002fffa00000)]
  0x000001ed06152c00 JavaThread "Daemon periodic checks" [_thread_blocked, id=14868, stack(0x0000002f80000000,0x0000002f80100000)]
  0x000001ed06154550 JavaThread "Daemon" [_thread_blocked, id=14280, stack(0x0000002f80100000,0x0000002f80200000)]
  0x000001ed06154040 JavaThread "Handler for socket connection from /127.0.0.1:24167 to /127.0.0.1:24168" [_thread_in_native, id=25072, stack(0x0000002f80200000,0x0000002f80300000)]
  0x000001ed06153b30 JavaThread "Cancel handler" [_thread_blocked, id=20804, stack(0x0000002f80300000,0x0000002f80400000)]
  0x000001ed061512b0 JavaThread "Daemon worker" [_thread_blocked, id=16396, stack(0x0000002f80400000,0x0000002f80500000)]
  0x000001ed061517c0 JavaThread "Asynchronous log dispatcher for DefaultDaemonConnection: socket connection from /127.0.0.1:24167 to /127.0.0.1:24168" [_thread_blocked, id=15924, stack(0x0000002f80500000,0x0000002f80600000)]
  0x000001ed08241a00 JavaThread "Stdin handler" [_thread_blocked, id=18208, stack(0x0000002f80600000,0x0000002f80700000)]
  0x000001ed082400b0 JavaThread "Daemon client event forwarder" [_thread_blocked, id=23588, stack(0x0000002f80700000,0x0000002f80800000)]
  0x000001ed08242e40 JavaThread "Cache worker for journal cache (C:\Users\Imesh\.gradle\caches\journal-1)" [_thread_blocked, id=12584, stack(0x0000002f80800000,0x0000002f80900000)]
  0x000001ed082414f0 JavaThread "File lock request listener" [_thread_in_native, id=19936, stack(0x0000002f80900000,0x0000002f80a00000)]
  0x000001ed08242420 JavaThread "Cache worker for file hash cache (C:\Users\Imesh\.gradle\caches\8.9\fileHashes)" [_thread_blocked, id=25260, stack(0x0000002f80a00000,0x0000002f80b00000)]
  0x000001ed08240fe0 JavaThread "Cache worker for file hash cache (C:\Users\Imesh\AndroidStudioProjects\ECommerceApp\.gradle\8.9\fileHashes)" [_thread_blocked, id=21212, stack(0x0000002f80c00000,0x0000002f80d00000)]
  0x000001ed08241f10 JavaThread "Cache worker for Build Output Cleanup Cache (C:\Users\Imesh\AndroidStudioProjects\ECommerceApp\.gradle\buildOutputCleanup)" [_thread_blocked, id=20540, stack(0x0000002f80d00000,0x0000002f80e00000)]
  0x000001ed08242930 JavaThread "File watcher server" daemon [_thread_blocked, id=7276, stack(0x0000002f81400000,0x0000002f81500000)]
  0x000001ed082405c0 JavaThread "File watcher consumer" daemon [_thread_blocked, id=15308, stack(0x0000002f81500000,0x0000002f81600000)]
  0x000001ed08243350 JavaThread "Cache worker for checksums cache (C:\Users\Imesh\AndroidStudioProjects\ECommerceApp\.gradle\8.9\checksums)" [_thread_blocked, id=7576, stack(0x0000002f81600000,0x0000002f81700000)]
  0x000001ed0823fba0 JavaThread "Cache worker for file content cache (C:\Users\Imesh\.gradle\caches\8.9\fileContent)" [_thread_blocked, id=8416, stack(0x0000002f81700000,0x0000002f81800000)]
  0x000001ed08243d70 JavaThread "Cache worker for cache directory md-rule (C:\Users\Imesh\.gradle\caches\8.9\md-rule)" [_thread_blocked, id=21468, stack(0x0000002f81800000,0x0000002f81900000)]
  0x000001ed08243860 JavaThread "Cache worker for cache directory md-supplier (C:\Users\Imesh\.gradle\caches\8.9\md-supplier)" [_thread_blocked, id=8604, stack(0x0000002f81900000,0x0000002f81a00000)]
  0x000001ed08244280 JavaThread "jar transforms" [_thread_blocked, id=24684, stack(0x0000002f81a00000,0x0000002f81b00000)]
  0x000001ed08244790 JavaThread "jar transforms Thread 2" [_thread_blocked, id=22068, stack(0x0000002f81b00000,0x0000002f81c00000)]
  0x000001ed08245bd0 JavaThread "jar transforms Thread 3" [_thread_blocked, id=388, stack(0x0000002f81c00000,0x0000002f81d00000)]
  0x000001ed082460e0 JavaThread "Unconstrained build operations" [_thread_blocked, id=15056, stack(0x0000002f81d00000,0x0000002f81e00000)]
  0x000001ed082465f0 JavaThread "Unconstrained build operations Thread 2" [_thread_blocked, id=11836, stack(0x0000002f81e00000,0x0000002f81f00000)]
  0x000001ed08246b00 JavaThread "Unconstrained build operations Thread 3" [_thread_blocked, id=13732, stack(0x0000002f81f00000,0x0000002f82000000)]
  0x000001ed08247010 JavaThread "Unconstrained build operations Thread 4" [_thread_blocked, id=23888, stack(0x0000002f82000000,0x0000002f82100000)]
  0x000001ed08247520 JavaThread "Unconstrained build operations Thread 5" [_thread_blocked, id=14216, stack(0x0000002f82100000,0x0000002f82200000)]
  0x000001ed06154a60 JavaThread "Unconstrained build operations Thread 6" [_thread_blocked, id=27692, stack(0x0000002f82200000,0x0000002f82300000)]
  0x000001ed0bb7ce60 JavaThread "Unconstrained build operations Thread 7" [_thread_blocked, id=8116, stack(0x0000002f82300000,0x0000002f82400000)]
  0x000001ed0bb7d370 JavaThread "Unconstrained build operations Thread 8" [_thread_blocked, id=21924, stack(0x0000002f82400000,0x0000002f82500000)]
  0x000001ed0bb7bf30 JavaThread "Unconstrained build operations Thread 9" [_thread_blocked, id=4644, stack(0x0000002f82500000,0x0000002f82600000)]
  0x000001ed0bb7e2a0 JavaThread "Unconstrained build operations Thread 10" [_thread_blocked, id=24692, stack(0x0000002f82600000,0x0000002f82700000)]
  0x000001ed0bb7d880 JavaThread "Unconstrained build operations Thread 11" [_thread_blocked, id=21604, stack(0x0000002f82700000,0x0000002f82800000)]
  0x000001ed0bb7e7b0 JavaThread "Unconstrained build operations Thread 12" [_thread_blocked, id=9540, stack(0x0000002f82800000,0x0000002f82900000)]
  0x000001ed0bb7dd90 JavaThread "Unconstrained build operations Thread 13" [_thread_blocked, id=12836, stack(0x0000002f82900000,0x0000002f82a00000)]
  0x000001ed0bb7c440 JavaThread "Unconstrained build operations Thread 14" [_thread_blocked, id=4476, stack(0x0000002f82a00000,0x0000002f82b00000)]
  0x000001ed0bb7ecc0 JavaThread "Unconstrained build operations Thread 15" [_thread_blocked, id=19564, stack(0x0000002f82b00000,0x0000002f82c00000)]
  0x000001ed0bb7b510 JavaThread "Unconstrained build operations Thread 16" [_thread_blocked, id=27968, stack(0x0000002f82c00000,0x0000002f82d00000)]
  0x000001ed0bb7f1d0 JavaThread "Unconstrained build operations Thread 17" [_thread_blocked, id=24764, stack(0x0000002f82d00000,0x0000002f82e00000)]
  0x000001ed0bb7c950 JavaThread "Unconstrained build operations Thread 18" [_thread_blocked, id=11972, stack(0x0000002f82e00000,0x0000002f82f00000)]
  0x000001ed0bb7ba20 JavaThread "Unconstrained build operations Thread 19" [_thread_blocked, id=13012, stack(0x0000002f82f00000,0x0000002f83000000)]
  0x000001ed0bb82470 JavaThread "Unconstrained build operations Thread 20" [_thread_blocked, id=19488, stack(0x0000002f83000000,0x0000002f83100000)]
  0x000001ed0bb7f6e0 JavaThread "Unconstrained build operations Thread 21" [_thread_blocked, id=12496, stack(0x0000002f83100000,0x0000002f83200000)]
  0x000001ed0bb82980 JavaThread "Unconstrained build operations Thread 22" [_thread_blocked, id=22288, stack(0x0000002f83200000,0x0000002f83300000)]
  0x000001ed0bb82e90 JavaThread "Unconstrained build operations Thread 23" [_thread_blocked, id=16224, stack(0x0000002f83300000,0x0000002f83400000)]
  0x000001ed0bb7fbf0 JavaThread "Unconstrained build operations Thread 24" [_thread_blocked, id=4444, stack(0x0000002f83400000,0x0000002f83500000)]
  0x000001ed0bb81540 JavaThread "Unconstrained build operations Thread 25" [_thread_blocked, id=16556, stack(0x0000002f83500000,0x0000002f83600000)]
  0x000001ed0bb80100 JavaThread "Unconstrained build operations Thread 26" [_thread_blocked, id=25052, stack(0x0000002f83600000,0x0000002f83700000)]
  0x000001ed0bb81f60 JavaThread "Unconstrained build operations Thread 27" [_thread_blocked, id=23212, stack(0x0000002f83700000,0x0000002f83800000)]
  0x000001ed0bb80610 JavaThread "Unconstrained build operations Thread 28" [_thread_blocked, id=15828, stack(0x0000002f83800000,0x0000002f83900000)]
  0x000001ed0bb81a50 JavaThread "Unconstrained build operations Thread 29" [_thread_blocked, id=20372, stack(0x0000002f83900000,0x0000002f83a00000)]
  0x000001ed0bb80b20 JavaThread "Unconstrained build operations Thread 30" [_thread_blocked, id=13284, stack(0x0000002f83a00000,0x0000002f83b00000)]
  0x000001ed0bb81030 JavaThread "Unconstrained build operations Thread 31" [_thread_blocked, id=24836, stack(0x0000002f83b00000,0x0000002f83c00000)]
  0x000001ed0634f8a0 JavaThread "Unconstrained build operations Thread 32" [_thread_blocked, id=2460, stack(0x0000002f83c00000,0x0000002f83d00000)]
  0x000001ed0634ee80 JavaThread "Unconstrained build operations Thread 33" [_thread_blocked, id=20472, stack(0x0000002f83d00000,0x0000002f83e00000)]
  0x000001ed0634c0f0 JavaThread "jar transforms Thread 4" [_thread_blocked, id=2244, stack(0x0000002f83e00000,0x0000002f83f00000)]
  0x000001ed0634df50 JavaThread "jar transforms Thread 5" [_thread_blocked, id=6808, stack(0x0000002f83f00000,0x0000002f84000000)]
  0x000001ed0634cb10 JavaThread "Memory manager" [_thread_blocked, id=21496, stack(0x0000002f84000000,0x0000002f84100000)]
  0x000001ed0634e460 JavaThread "jar transforms Thread 6" [_thread_blocked, id=23048, stack(0x0000002f84100000,0x0000002f84200000)]
  0x000001ed0634c600 JavaThread "included builds" [_thread_blocked, id=20712, stack(0x0000002f84300000,0x0000002f84400000)]
  0x000001ed063502c0 JavaThread "Execution worker" [_thread_blocked, id=16288, stack(0x0000002f84400000,0x0000002f84500000)]
  0x000001ed0634e970 JavaThread "Execution worker Thread 2" [_thread_blocked, id=27708, stack(0x0000002f84500000,0x0000002f84600000)]
  0x000001ed063507d0 JavaThread "Execution worker Thread 3" [_thread_blocked, id=9940, stack(0x0000002f84600000,0x0000002f84700000)]
  0x000001ed06350ce0 JavaThread "Execution worker Thread 4" [_thread_blocked, id=22016, stack(0x0000002f84700000,0x0000002f84800000)]
  0x000001ed0634d530 JavaThread "Execution worker Thread 5" [_thread_blocked, id=12764, stack(0x0000002f84800000,0x0000002f84900000)]
  0x000001ed06352b40 JavaThread "Execution worker Thread 6" [_thread_blocked, id=26244, stack(0x0000002f84900000,0x0000002f84a00000)]
  0x000001ed06353560 JavaThread "Execution worker Thread 7" [_thread_blocked, id=19604, stack(0x0000002f84a00000,0x0000002f84b00000)]
  0x000001ed06353050 JavaThread "Execution worker Thread 8" [_thread_blocked, id=6172, stack(0x0000002f84b00000,0x0000002f84c00000)]
  0x000001ed06351c10 JavaThread "Execution worker Thread 9" [_thread_blocked, id=2472, stack(0x0000002f84c00000,0x0000002f84d00000)]
  0x000001ed063511f0 JavaThread "Execution worker Thread 10" [_thread_blocked, id=18368, stack(0x0000002f84d00000,0x0000002f84e00000)]
  0x000001ed06351700 JavaThread "Execution worker Thread 11" [_thread_blocked, id=16480, stack(0x0000002f84e00000,0x0000002f84f00000)]
  0x000001ed06353a70 JavaThread "Cache worker for execution history cache (C:\Users\Imesh\AndroidStudioProjects\ECommerceApp\.gradle\8.9\executionHistory)" [_thread_blocked, id=22672, stack(0x0000002f84f00000,0x0000002f85000000)]
  0x000001ed06352120 JavaThread "Unconstrained build operations Thread 34" [_thread_blocked, id=5652, stack(0x0000002f85000000,0x0000002f85100000)]
  0x000001ed06352630 JavaThread "Unconstrained build operations Thread 35" [_thread_blocked, id=21356, stack(0x0000002f85100000,0x0000002f85200000)]
  0x000001ed06153110 JavaThread "Unconstrained build operations Thread 36" [_thread_blocked, id=16392, stack(0x0000002f85200000,0x0000002f85300000)]
  0x000001ed0d5b42b0 JavaThread "Unconstrained build operations Thread 37" [_thread_blocked, id=25388, stack(0x0000002f85300000,0x0000002f85400000)]
  0x000001ed0d5b51e0 JavaThread "Unconstrained build operations Thread 38" [_thread_blocked, id=8660, stack(0x0000002f85400000,0x0000002f85500000)]
  0x000001ed0d5b2960 JavaThread "Unconstrained build operations Thread 39" [_thread_blocked, id=16028, stack(0x0000002f85500000,0x0000002f85600000)]
  0x000001ed0d5b56f0 JavaThread "Unconstrained build operations Thread 40" [_thread_blocked, id=3980, stack(0x0000002f85600000,0x0000002f85700000)]
  0x000001ed0d5b3da0 JavaThread "Unconstrained build operations Thread 41" [_thread_blocked, id=6192, stack(0x0000002f85700000,0x0000002f85800000)]
  0x000001ed0d5b47c0 JavaThread "Unconstrained build operations Thread 42" [_thread_blocked, id=20144, stack(0x0000002f85800000,0x0000002f85900000)]
  0x000001ed0d5b4cd0 JavaThread "Unconstrained build operations Thread 43" [_thread_blocked, id=8636, stack(0x0000002f85900000,0x0000002f85a00000)]
  0x000001ed0d5b2e70 JavaThread "Unconstrained build operations Thread 44" [_thread_blocked, id=21440, stack(0x0000002f85a00000,0x0000002f85b00000)]
  0x000001ed0d5b5c00 JavaThread "Unconstrained build operations Thread 45" [_thread_blocked, id=13232, stack(0x0000002f85b00000,0x0000002f85c00000)]
  0x000001ed0d5b2450 JavaThread "Unconstrained build operations Thread 46" [_thread_blocked, id=8436, stack(0x0000002f85c00000,0x0000002f85d00000)]
  0x000001ed0d5b6110 JavaThread "Unconstrained build operations Thread 47" [_thread_blocked, id=3820, stack(0x0000002f85d00000,0x0000002f85e00000)]
  0x000001ed0d5b6620 JavaThread "Unconstrained build operations Thread 48" [_thread_blocked, id=27248, stack(0x0000002f85e00000,0x0000002f85f00000)]
  0x000001ed0d5b6b30 JavaThread "Unconstrained build operations Thread 49" [_thread_blocked, id=13648, stack(0x0000002f85f00000,0x0000002f86000000)]
  0x000001ed0d5b3380 JavaThread "Unconstrained build operations Thread 50" [_thread_blocked, id=25716, stack(0x0000002f86000000,0x0000002f86100000)]
  0x000001ed0d5b7040 JavaThread "Unconstrained build operations Thread 51" [_thread_blocked, id=13620, stack(0x0000002f86100000,0x0000002f86200000)]
  0x000001ed0d5b3890 JavaThread "Unconstrained build operations Thread 52" [_thread_blocked, id=15252, stack(0x0000002f86200000,0x0000002f86300000)]
  0x000001ed0d5b7a60 JavaThread "Unconstrained build operations Thread 53" [_thread_blocked, id=15148, stack(0x0000002f86300000,0x0000002f86400000)]
  0x000001ed0d5b8ea0 JavaThread "Unconstrained build operations Thread 54" [_thread_blocked, id=9152, stack(0x0000002f86400000,0x0000002f86500000)]
  0x000001ed0d5b98c0 JavaThread "Unconstrained build operations Thread 55" [_thread_blocked, id=17588, stack(0x0000002f86500000,0x0000002f86600000)]
  0x000001ed0d5b7550 JavaThread "Unconstrained build operations Thread 56" [_thread_blocked, id=25100, stack(0x0000002f86600000,0x0000002f86700000)]
  0x000001ed0d5b8480 JavaThread "Unconstrained build operations Thread 57" [_thread_blocked, id=13912, stack(0x0000002f86700000,0x0000002f86800000)]
  0x000001ed0d5b8990 JavaThread "Unconstrained build operations Thread 58" [_thread_blocked, id=9824, stack(0x0000002f86800000,0x0000002f86900000)]
  0x000001ed0d5b93b0 JavaThread "Unconstrained build operations Thread 59" [_thread_blocked, id=7328, stack(0x0000002f86900000,0x0000002f86a00000)]
  0x000001ed0853b560 JavaThread "Unconstrained build operations Thread 60" [_thread_blocked, id=8152, stack(0x0000002f86a00000,0x0000002f86b00000)]
  0x000001ed085387d0 JavaThread "Unconstrained build operations Thread 61" [_thread_blocked, id=1004, stack(0x0000002f86b00000,0x0000002f86c00000)]
  0x000001ed08538ce0 JavaThread "Unconstrained build operations Thread 62" [_thread_blocked, id=13172, stack(0x0000002f86c00000,0x0000002f86d00000)]
  0x000001ed0853a120 JavaThread "Unconstrained build operations Thread 63" [_thread_blocked, id=16896, stack(0x0000002f86d00000,0x0000002f86e00000)]
  0x000001ed085391f0 JavaThread "Unconstrained build operations Thread 64" [_thread_blocked, id=17248, stack(0x0000002f86e00000,0x0000002f86f00000)]
  0x000001ed08539700 JavaThread "Unconstrained build operations Thread 65" [_thread_blocked, id=28668, stack(0x0000002f86f00000,0x0000002f87000000)]
  0x000001ed0853b050 JavaThread "Unconstrained build operations Thread 66" [_thread_blocked, id=15668, stack(0x0000002f87000000,0x0000002f87100000)]
  0x000001ed08539c10 JavaThread "Unconstrained build operations Thread 67" [_thread_blocked, id=10344, stack(0x0000002f87100000,0x0000002f87200000)]
  0x000001ed0853a630 JavaThread "Unconstrained build operations Thread 68" [_thread_blocked, id=24956, stack(0x0000002f87200000,0x0000002f87300000)]
  0x000001ed0853ab40 JavaThread "Unconstrained build operations Thread 69" [_thread_blocked, id=25528, stack(0x0000002f87300000,0x0000002f87400000)]
  0x000001ed08537db0 JavaThread "Unconstrained build operations Thread 70" [_thread_blocked, id=6712, stack(0x0000002f87400000,0x0000002f87500000)]
  0x000001ed0853ba70 JavaThread "Unconstrained build operations Thread 71" [_thread_blocked, id=21904, stack(0x0000002f87500000,0x0000002f87600000)]
  0x000001ed085382c0 JavaThread "Unconstrained build operations Thread 72" [_thread_blocked, id=23864, stack(0x0000002f87600000,0x0000002f87700000)]
  0x000001ed0853f220 JavaThread "Unconstrained build operations Thread 73" [_thread_blocked, id=11328, stack(0x0000002f87700000,0x0000002f87800000)]
  0x000001ed0853c490 JavaThread "Unconstrained build operations Thread 74" [_thread_blocked, id=16244, stack(0x0000002f87800000,0x0000002f87900000)]
  0x000001ed0853e800 JavaThread "Unconstrained build operations Thread 75" [_thread_blocked, id=17712, stack(0x0000002f87900000,0x0000002f87a00000)]
  0x000001ed0853bf80 JavaThread "Unconstrained build operations Thread 76" [_thread_blocked, id=18468, stack(0x0000002f87a00000,0x0000002f87b00000)]
  0x000001ed0853d8d0 JavaThread "Unconstrained build operations Thread 77" [_thread_blocked, id=8924, stack(0x0000002f87b00000,0x0000002f87c00000)]
  0x000001ed0853dde0 JavaThread "Unconstrained build operations Thread 78" [_thread_blocked, id=18172, stack(0x0000002f87c00000,0x0000002f87d00000)]
  0x000001ed0853ceb0 JavaThread "WorkerExecutor Queue" [_thread_blocked, id=24128, stack(0x0000002f84200000,0x0000002f84300000)]
  0x000001ed0853ed10 JavaThread "WorkerExecutor Queue Thread 2" [_thread_blocked, id=7968, stack(0x0000002f87e00000,0x0000002f87f00000)]
  0x000001ed0853d3c0 JavaThread "Unconstrained build operations Thread 79" [_thread_blocked, id=18688, stack(0x0000002f87f00000,0x0000002f88000000)]
  0x000001ed0853e2f0 JavaThread "Unconstrained build operations Thread 80" [_thread_blocked, id=28004, stack(0x0000002f88000000,0x0000002f88100000)]
  0x000001ed09c70830 JavaThread "Unconstrained build operations Thread 81" [_thread_blocked, id=18848, stack(0x0000002f88100000,0x0000002f88200000)]
  0x000001ed09c71c70 JavaThread "Unconstrained build operations Thread 82" [_thread_blocked, id=19516, stack(0x0000002f88200000,0x0000002f88300000)]
  0x000001ed09c70d40 JavaThread "Unconstrained build operations Thread 83" [_thread_blocked, id=14624, stack(0x0000002f88300000,0x0000002f88400000)]
  0x000001ed09c72180 JavaThread "Unconstrained build operations Thread 84" [_thread_blocked, id=18204, stack(0x0000002f88400000,0x0000002f88500000)]
  0x000001ed09c70320 JavaThread "Unconstrained build operations Thread 85" [_thread_blocked, id=3480, stack(0x0000002f88500000,0x0000002f88600000)]
  0x000001ed09c71760 JavaThread "Unconstrained build operations Thread 86" [_thread_blocked, id=3172, stack(0x0000002f88600000,0x0000002f88700000)]
  0x000001ed09c71250 JavaThread "Unconstrained build operations Thread 87" [_thread_blocked, id=11724, stack(0x0000002f88700000,0x0000002f88800000)]
  0x000001ed09c6e9d0 JavaThread "Unconstrained build operations Thread 88" [_thread_blocked, id=22240, stack(0x0000002f88800000,0x0000002f88900000)]
  0x000001ed09c6eee0 JavaThread "Unconstrained build operations Thread 89" [_thread_blocked, id=13664, stack(0x0000002f88900000,0x0000002f88a00000)]
  0x000001ed09c6f3f0 JavaThread "Unconstrained build operations Thread 90" [_thread_blocked, id=13228, stack(0x0000002f88a00000,0x0000002f88b00000)]
  0x000001ed09c6f900 JavaThread "Unconstrained build operations Thread 91" [_thread_blocked, id=27864, stack(0x0000002f88b00000,0x0000002f88c00000)]
  0x000001ed09c6fe10 JavaThread "Unconstrained build operations Thread 92" [_thread_blocked, id=2552, stack(0x0000002f88c00000,0x0000002f88d00000)]
  0x000001ed08512b60 JavaThread "Unconstrained build operations Thread 93" [_thread_blocked, id=26724, stack(0x0000002f88d00000,0x0000002f88e00000)]
  0x000001ed08511c30 JavaThread "Unconstrained build operations Thread 94" [_thread_blocked, id=12760, stack(0x0000002f88e00000,0x0000002f88f00000)]
  0x000001ed08510d00 JavaThread "Unconstrained build operations Thread 95" [_thread_blocked, id=22404, stack(0x0000002f88f00000,0x0000002f89000000)]
  0x000001ed085102e0 JavaThread "Unconstrained build operations Thread 96" [_thread_blocked, id=12716, stack(0x0000002f89000000,0x0000002f89100000)]
  0x000001ed085107f0 JavaThread "Unconstrained build operations Thread 97" [_thread_blocked, id=20840, stack(0x0000002f89100000,0x0000002f89200000)]
  0x000001ed08513580 JavaThread "Unconstrained build operations Thread 98" [_thread_blocked, id=15836, stack(0x0000002f89200000,0x0000002f89300000)]
  0x000001ed08513a90 JavaThread "Unconstrained build operations Thread 99" [_thread_blocked, id=26704, stack(0x0000002f89300000,0x0000002f89400000)]
  0x000001ed08511210 JavaThread "Unconstrained build operations Thread 100" [_thread_blocked, id=17732, stack(0x0000002f89400000,0x0000002f89500000)]
  0x000001ed08512140 JavaThread "Unconstrained build operations Thread 101" [_thread_blocked, id=19748, stack(0x0000002f89500000,0x0000002f89600000)]
  0x000001ed08513070 JavaThread "WorkerExecutor Queue Thread 3" [_thread_blocked, id=25064, stack(0x0000002f89600000,0x0000002f89700000)]
  0x000001ed08512650 JavaThread "pool-3-thread-1" [_thread_blocked, id=27228, stack(0x0000002f89700000,0x0000002f89800000)]
  0x000001ed08513fa0 JavaThread "stderr" [_thread_in_native, id=25360, stack(0x0000002f89800000,0x0000002f89900000)]
  0x000001ed085144b0 JavaThread "stdout" [_thread_in_native, id=25916, stack(0x0000002f89900000,0x0000002f89a00000)]
  0x000001ed0b178180 JavaThread "C2 CompilerThread1" daemon [_thread_blocked, id=3772, stack(0x0000002f80b00000,0x0000002f80c00000)]
  0x000001ed0b178c20 JavaThread "C2 CompilerThread2" daemon [_thread_blocked, id=16636, stack(0x0000002f87d00000,0x0000002f87e00000)]
  0x000001ed08514ed0 JavaThread "Unconstrained build operations Thread 102" [_thread_blocked, id=19972, stack(0x0000002f89a00000,0x0000002f89b00000)]
  0x000001ed08511720 JavaThread "Unconstrained build operations Thread 103" [_thread_blocked, id=21784, stack(0x0000002f89b00000,0x0000002f89c00000)]
  0x000001ed08516d30 JavaThread "Unconstrained build operations Thread 104" [_thread_blocked, id=21608, stack(0x0000002f89c00000,0x0000002f89d00000)]
  0x000001ed085153e0 JavaThread "Unconstrained build operations Thread 105" [_thread_blocked, id=26480, stack(0x0000002f89d00000,0x0000002f89e00000)]
  0x000001ed08517240 JavaThread "Unconstrained build operations Thread 106" [_thread_blocked, id=23908, stack(0x0000002f89e00000,0x0000002f89f00000)]
  0x000001ed08517750 JavaThread "Unconstrained build operations Thread 107" [_thread_blocked, id=4900, stack(0x0000002f89f00000,0x0000002f8a000000)]
  0x000001ed085158f0 JavaThread "Unconstrained build operations Thread 108" [_thread_blocked, id=23140, stack(0x0000002f8a000000,0x0000002f8a100000)]
  0x000001ed08515e00 JavaThread "Unconstrained build operations Thread 109" [_thread_blocked, id=21084, stack(0x0000002f8a100000,0x0000002f8a200000)]
  0x000001ed08516310 JavaThread "Unconstrained build operations Thread 110" [_thread_blocked, id=9844, stack(0x0000002f8a200000,0x0000002f8a300000)]
  0x000001ed08516820 JavaThread "Unconstrained build operations Thread 111" [_thread_blocked, id=26844, stack(0x0000002f8a300000,0x0000002f8a400000)]
  0x000001ed0e49b010 JavaThread "Unconstrained build operations Thread 112" [_thread_blocked, id=15592, stack(0x0000002f8a400000,0x0000002f8a500000)]

Other Threads:
=>0x000001ecc0f3c080 VMThread "VM Thread" [stack: 0x0000002ffeb00000,0x0000002ffec00000] [id=19140]
  0x000001eca28e2560 WatcherThread [stack: 0x0000002fff700000,0x0000002fff800000] [id=26324]
  0x000001eca28c5d00 GCTaskThread "GC Thread#0" [stack: 0x0000002ffe600000,0x0000002ffe700000] [id=10376]
  0x000001ed067dbf20 GCTaskThread "GC Thread#1" [stack: 0x0000002fffa00000,0x0000002fffb00000] [id=28000]
  0x000001ed06addde0 GCTaskThread "GC Thread#2" [stack: 0x0000002fffb00000,0x0000002fffc00000] [id=23612]
  0x000001ed06ade0a0 GCTaskThread "GC Thread#3" [stack: 0x0000002fffc00000,0x0000002fffd00000] [id=8656]
  0x000001ed06ade360 GCTaskThread "GC Thread#4" [stack: 0x0000002fffd00000,0x0000002fffe00000] [id=11224]
  0x000001ed06c36970 GCTaskThread "GC Thread#5" [stack: 0x0000002fffe00000,0x0000002ffff00000] [id=11524]
  0x000001ed08a93b00 GCTaskThread "GC Thread#6" [stack: 0x0000002f80e00000,0x0000002f80f00000] [id=13712]
  0x000001ed08a948c0 GCTaskThread "GC Thread#7" [stack: 0x0000002f80f00000,0x0000002f81000000] [id=20428]
  0x000001ed08a93dc0 GCTaskThread "GC Thread#8" [stack: 0x0000002f81000000,0x0000002f81100000] [id=6288]
  0x000001ed08a93580 GCTaskThread "GC Thread#9" [stack: 0x0000002f81100000,0x0000002f81200000] [id=27188]
  0x000001eca28d7b70 ConcurrentGCThread "G1 Main Marker" [stack: 0x0000002ffe700000,0x0000002ffe800000] [id=22088]
  0x000001eca28d9160 ConcurrentGCThread "G1 Conc#0" [stack: 0x0000002ffe800000,0x0000002ffe900000] [id=23580]
  0x000001ed08a92d40 ConcurrentGCThread "G1 Conc#1" [stack: 0x0000002f81200000,0x0000002f81300000] [id=25764]
  0x000001ed08a93840 ConcurrentGCThread "G1 Conc#2" [stack: 0x0000002f81300000,0x0000002f81400000] [id=26180]
  0x000001ecc0dd51a0 ConcurrentGCThread "G1 Refine#0" [stack: 0x0000002ffe900000,0x0000002ffea00000] [id=3232]
  0x000001ecc0dd5ae0 ConcurrentGCThread "G1 Service" [stack: 0x0000002ffea00000,0x0000002ffeb00000] [id=19996]

Threads with active compile tasks:
C2 CompilerThread0    15416 13642       4       sun.nio.fs.WindowsPathParser::parse (384 bytes)
C2 CompilerThread1    15416 13640       4       org.gradle.internal.vfs.impl.DefaultFileSystemAccess::readSnapshotFromLocation (27 bytes)
C2 CompilerThread2    15416 13641   !   4       java.util.concurrent.ArrayBlockingQueue::poll (83 bytes)

VM state: at safepoint (normal execution)

VM Mutex/Monitor currently owned by a thread:  ([mutex/lock_event])
[0x000001eca2863f50] Threads_lock - owner thread: 0x000001ecc0f3c080
[0x000001eca2864220] Heap_lock - owner thread: 0x000001ed08242420

Heap address: 0x0000000080000000, size: 2048 MB, Compressed Oops mode: 32-bit

CDS archive(s) mapped at: [0x000001ecc1000000-0x000001ecc1bd0000-0x000001ecc1bd0000), size 12386304, SharedBaseAddress: 0x000001ecc1000000, ArchiveRelocationMode: 1.
Compressed class space mapped at: 0x000001ecc2000000-0x000001ed02000000, reserved size: 1073741824
Narrow klass base: 0x000001ecc1000000, Narrow klass shift: 0, Narrow klass range: 0x100000000

GC Precious Log:
 CPUs: 12 total, 12 available
 Memory: 16106M
 Large Page Support: Disabled
 NUMA Support: Disabled
 Compressed Oops: Enabled (32-bit)
 Heap Region Size: 1M
 Heap Min Capacity: 8M
 Heap Initial Capacity: 252M
 Heap Max Capacity: 2G
 Pre-touch: Disabled
 Parallel Workers: 10
 Concurrent Workers: 3
 Concurrent Refinement Workers: 10
 Periodic GC: Disabled

Heap:
 garbage-first heap   total 258048K, used 98044K [0x0000000080000000, 0x0000000100000000)
  region size 1024K, 1 young (1024K), 1 survivors (1024K)
 Metaspace       used 90344K, committed 91072K, reserved 1179648K
  class space    used 12489K, committed 12864K, reserved 1048576K

Heap Regions: E=young(eden), S=young(survivor), O=old, HS=humongous(starts), HC=humongous(continues), CS=collection set, F=free, OA=open archive, CA=closed archive, TAMS=top-at-mark-start (previous, next)
|   0|0x0000000080000000, 0x0000000080100000, 0x0000000080100000|100%|HS|  |TAMS 0x0000000080100000, 0x0000000080000000| Complete 
|   1|0x0000000080100000, 0x0000000080200000, 0x0000000080200000|100%|HC|  |TAMS 0x0000000080200000, 0x0000000080100000| Complete 
|   2|0x0000000080200000, 0x0000000080300000, 0x0000000080300000|100%|HC|  |TAMS 0x0000000080300000, 0x0000000080200000| Complete 
|   3|0x0000000080300000, 0x0000000080400000, 0x0000000080400000|100%|HC|  |TAMS 0x0000000080400000, 0x0000000080300000| Complete 
|   4|0x0000000080400000, 0x0000000080500000, 0x0000000080500000|100%| O|  |TAMS 0x0000000080500000, 0x0000000080400000| Untracked 
|   5|0x0000000080500000, 0x0000000080600000, 0x0000000080600000|100%| O|  |TAMS 0x0000000080600000, 0x0000000080500000| Untracked 
|   6|0x0000000080600000, 0x0000000080700000, 0x0000000080700000|100%| O|  |TAMS 0x0000000080700000, 0x0000000080600000| Untracked 
|   7|0x0000000080700000, 0x0000000080800000, 0x0000000080800000|100%| O|  |TAMS 0x0000000080800000, 0x0000000080700000| Untracked 
|   8|0x0000000080800000, 0x0000000080900000, 0x0000000080900000|100%| O|  |TAMS 0x0000000080900000, 0x0000000080800000| Untracked 
|   9|0x0000000080900000, 0x0000000080a00000, 0x0000000080a00000|100%| O|  |TAMS 0x0000000080a00000, 0x0000000080900000| Untracked 
|  10|0x0000000080a00000, 0x0000000080b00000, 0x0000000080b00000|100%| O|  |TAMS 0x0000000080b00000, 0x0000000080a00000| Untracked 
|  11|0x0000000080b00000, 0x0000000080c00000, 0x0000000080c00000|100%|HS|  |TAMS 0x0000000080c00000, 0x0000000080b00000| Complete 
|  12|0x0000000080c00000, 0x0000000080d00000, 0x0000000080d00000|100%| O|  |TAMS 0x0000000080d00000, 0x0000000080c00000| Untracked 
|  13|0x0000000080d00000, 0x0000000080e00000, 0x0000000080e00000|100%| O|  |TAMS 0x0000000080e00000, 0x0000000080d00000| Untracked 
|  14|0x0000000080e00000, 0x0000000080f00000, 0x0000000080f00000|100%| O|  |TAMS 0x0000000080f00000, 0x0000000080e00000| Untracked 
|  15|0x0000000080f00000, 0x0000000081000000, 0x0000000081000000|100%| O|  |TAMS 0x0000000081000000, 0x0000000080f00000| Untracked 
|  16|0x0000000081000000, 0x0000000081100000, 0x0000000081100000|100%| O|  |TAMS 0x0000000081100000, 0x0000000081000000| Untracked 
|  17|0x0000000081100000, 0x0000000081200000, 0x0000000081200000|100%| O|  |TAMS 0x0000000081200000, 0x0000000081100000| Untracked 
|  18|0x0000000081200000, 0x0000000081300000, 0x0000000081300000|100%| O|  |TAMS 0x0000000081300000, 0x0000000081200000| Untracked 
|  19|0x0000000081300000, 0x0000000081400000, 0x0000000081400000|100%| O|  |TAMS 0x0000000081400000, 0x0000000081300000| Untracked 
|  20|0x0000000081400000, 0x0000000081500000, 0x0000000081500000|100%| O|  |TAMS 0x0000000081500000, 0x0000000081400000| Untracked 
|  21|0x0000000081500000, 0x0000000081600000, 0x0000000081600000|100%| O|  |TAMS 0x0000000081600000, 0x0000000081500000| Untracked 
|  22|0x0000000081600000, 0x0000000081700000, 0x0000000081700000|100%| O|  |TAMS 0x0000000081700000, 0x0000000081600000| Untracked 
|  23|0x0000000081700000, 0x0000000081800000, 0x0000000081800000|100%| O|  |TAMS 0x0000000081800000, 0x0000000081700000| Untracked 
|  24|0x0000000081800000, 0x0000000081900000, 0x0000000081900000|100%| O|  |TAMS 0x0000000081900000, 0x0000000081800000| Untracked 
|  25|0x0000000081900000, 0x0000000081a00000, 0x0000000081a00000|100%| O|  |TAMS 0x0000000081a00000, 0x0000000081900000| Untracked 
|  26|0x0000000081a00000, 0x0000000081b00000, 0x0000000081b00000|100%| O|  |TAMS 0x0000000081b00000, 0x0000000081a00000| Untracked 
|  27|0x0000000081b00000, 0x0000000081c00000, 0x0000000081c00000|100%| O|  |TAMS 0x0000000081c00000, 0x0000000081b00000| Untracked 
|  28|0x0000000081c00000, 0x0000000081d00000, 0x0000000081d00000|100%| O|  |TAMS 0x0000000081d00000, 0x0000000081c00000| Untracked 
|  29|0x0000000081d00000, 0x0000000081e00000, 0x0000000081e00000|100%| O|  |TAMS 0x0000000081e00000, 0x0000000081d00000| Untracked 
|  30|0x0000000081e00000, 0x0000000081f00000, 0x0000000081f00000|100%| O|  |TAMS 0x0000000081f00000, 0x0000000081e00000| Untracked 
|  31|0x0000000081f00000, 0x0000000082000000, 0x0000000082000000|100%| O|  |TAMS 0x0000000082000000, 0x0000000081f00000| Untracked 
|  32|0x0000000082000000, 0x0000000082100000, 0x0000000082100000|100%| O|  |TAMS 0x0000000082100000, 0x0000000082000000| Untracked 
|  33|0x0000000082100000, 0x0000000082200000, 0x0000000082200000|100%| O|  |TAMS 0x0000000082200000, 0x0000000082100000| Untracked 
|  34|0x0000000082200000, 0x0000000082300000, 0x0000000082300000|100%| O|  |TAMS 0x0000000082300000, 0x0000000082200000| Untracked 
|  35|0x0000000082300000, 0x0000000082400000, 0x0000000082400000|100%| O|  |TAMS 0x0000000082400000, 0x0000000082300000| Untracked 
|  36|0x0000000082400000, 0x0000000082500000, 0x0000000082500000|100%| O|  |TAMS 0x0000000082500000, 0x0000000082400000| Untracked 
|  37|0x0000000082500000, 0x0000000082600000, 0x0000000082600000|100%| O|  |TAMS 0x0000000082600000, 0x0000000082500000| Untracked 
|  38|0x0000000082600000, 0x0000000082700000, 0x0000000082700000|100%| O|  |TAMS 0x0000000082700000, 0x0000000082600000| Untracked 
|  39|0x0000000082700000, 0x0000000082800000, 0x0000000082800000|100%| O|  |TAMS 0x0000000082800000, 0x0000000082700000| Untracked 
|  40|0x0000000082800000, 0x0000000082900000, 0x0000000082900000|100%| O|  |TAMS 0x0000000082900000, 0x0000000082800000| Untracked 
|  41|0x0000000082900000, 0x0000000082a00000, 0x0000000082a00000|100%| O|  |TAMS 0x0000000082a00000, 0x0000000082900000| Untracked 
|  42|0x0000000082a00000, 0x0000000082b00000, 0x0000000082b00000|100%| O|  |TAMS 0x0000000082b00000, 0x0000000082a00000| Untracked 
|  43|0x0000000082b00000, 0x0000000082c00000, 0x0000000082c00000|100%| O|  |TAMS 0x0000000082c00000, 0x0000000082b00000| Untracked 
|  44|0x0000000082c00000, 0x0000000082d00000, 0x0000000082d00000|100%|HS|  |TAMS 0x0000000082d00000, 0x0000000082c00000| Complete 
|  45|0x0000000082d00000, 0x0000000082e00000, 0x0000000082e00000|100%|HS|  |TAMS 0x0000000082e00000, 0x0000000082d00000| Complete 
|  46|0x0000000082e00000, 0x0000000082f00000, 0x0000000082f00000|100%|HS|  |TAMS 0x0000000082f00000, 0x0000000082e00000| Complete 
|  47|0x0000000082f00000, 0x0000000083000000, 0x0000000083000000|100%| O|  |TAMS 0x0000000083000000, 0x0000000082f00000| Untracked 
|  48|0x0000000083000000, 0x0000000083100000, 0x0000000083100000|100%| O|  |TAMS 0x0000000083100000, 0x0000000083000000| Untracked 
|  49|0x0000000083100000, 0x0000000083200000, 0x0000000083200000|100%| O|  |TAMS 0x0000000083200000, 0x0000000083100000| Untracked 
|  50|0x0000000083200000, 0x0000000083300000, 0x0000000083300000|100%| O|  |TAMS 0x0000000083300000, 0x0000000083200000| Untracked 
|  51|0x0000000083300000, 0x0000000083400000, 0x0000000083400000|100%| O|  |TAMS 0x0000000083300000, 0x0000000083300000| Untracked 
|  52|0x0000000083400000, 0x0000000083500000, 0x0000000083500000|100%| O|  |TAMS 0x0000000083500000, 0x0000000083400000| Untracked 
|  53|0x0000000083500000, 0x0000000083600000, 0x0000000083600000|100%| O|  |TAMS 0x0000000083600000, 0x0000000083500000| Untracked 
|  54|0x0000000083600000, 0x0000000083700000, 0x0000000083700000|100%| O|  |TAMS 0x0000000083700000, 0x0000000083600000| Untracked 
|  55|0x0000000083700000, 0x0000000083800000, 0x0000000083800000|100%| O|  |TAMS 0x0000000083800000, 0x0000000083700000| Untracked 
|  56|0x0000000083800000, 0x0000000083900000, 0x0000000083900000|100%| O|  |TAMS 0x0000000083900000, 0x0000000083800000| Untracked 
|  57|0x0000000083900000, 0x0000000083a00000, 0x0000000083a00000|100%| O|  |TAMS 0x0000000083a00000, 0x0000000083900000| Untracked 
|  58|0x0000000083a00000, 0x0000000083b00000, 0x0000000083b00000|100%| O|  |TAMS 0x0000000083b00000, 0x0000000083a00000| Untracked 
|  59|0x0000000083b00000, 0x0000000083c00000, 0x0000000083c00000|100%| O|  |TAMS 0x0000000083c00000, 0x0000000083b00000| Untracked 
|  60|0x0000000083c00000, 0x0000000083d00000, 0x0000000083d00000|100%| O|  |TAMS 0x0000000083d00000, 0x0000000083c00000| Untracked 
|  61|0x0000000083d00000, 0x0000000083e00000, 0x0000000083e00000|100%| O|  |TAMS 0x0000000083e00000, 0x0000000083d00000| Untracked 
|  62|0x0000000083e00000, 0x0000000083f00000, 0x0000000083f00000|100%| O|  |TAMS 0x0000000083f00000, 0x0000000083e00000| Untracked 
|  63|0x0000000083f00000, 0x0000000084000000, 0x0000000084000000|100%| O|  |TAMS 0x0000000084000000, 0x0000000083f00000| Untracked 
|  64|0x0000000084000000, 0x0000000084100000, 0x0000000084100000|100%| O|  |TAMS 0x0000000084100000, 0x0000000084000000| Untracked 
|  65|0x0000000084100000, 0x0000000084200000, 0x0000000084200000|100%| O|  |TAMS 0x0000000084200000, 0x0000000084100000| Untracked 
|  66|0x0000000084200000, 0x0000000084300000, 0x0000000084300000|100%| O|  |TAMS 0x0000000084300000, 0x0000000084200000| Untracked 
|  67|0x0000000084300000, 0x0000000084400000, 0x0000000084400000|100%| O|  |TAMS 0x0000000084400000, 0x0000000084300000| Untracked 
|  68|0x0000000084400000, 0x0000000084500000, 0x0000000084500000|100%| O|  |TAMS 0x0000000084500000, 0x0000000084400000| Untracked 
|  69|0x0000000084500000, 0x0000000084600000, 0x0000000084600000|100%| O|  |TAMS 0x0000000084600000, 0x0000000084500000| Untracked 
|  70|0x0000000084600000, 0x0000000084700000, 0x0000000084700000|100%| O|  |TAMS 0x0000000084700000, 0x0000000084600000| Untracked 
|  71|0x0000000084700000, 0x0000000084800000, 0x0000000084800000|100%| O|  |TAMS 0x0000000084800000, 0x0000000084700000| Untracked 
|  72|0x0000000084800000, 0x0000000084900000, 0x0000000084900000|100%| O|  |TAMS 0x0000000084900000, 0x0000000084800000| Untracked 
|  73|0x0000000084900000, 0x0000000084a00000, 0x0000000084a00000|100%| O|  |TAMS 0x0000000084a00000, 0x0000000084900000| Untracked 
|  74|0x0000000084a00000, 0x0000000084b00000, 0x0000000084b00000|100%| O|  |TAMS 0x0000000084b00000, 0x0000000084a00000| Untracked 
|  75|0x0000000084b00000, 0x0000000084c00000, 0x0000000084c00000|100%| O|  |TAMS 0x0000000084c00000, 0x0000000084b00000| Untracked 
|  76|0x0000000084c00000, 0x0000000084d00000, 0x0000000084d00000|100%| O|  |TAMS 0x0000000084d00000, 0x0000000084c00000| Untracked 
|  77|0x0000000084d00000, 0x0000000084e00000, 0x0000000084e00000|100%| O|  |TAMS 0x0000000084e00000, 0x0000000084d00000| Untracked 
|  78|0x0000000084e00000, 0x0000000084f00000, 0x0000000084f00000|100%| O|  |TAMS 0x0000000084f00000, 0x0000000084e00000| Untracked 
|  79|0x0000000084f00000, 0x0000000085000000, 0x0000000085000000|100%| O|  |TAMS 0x0000000085000000, 0x0000000084f00000| Untracked 
|  80|0x0000000085000000, 0x0000000085100000, 0x0000000085100000|100%| O|  |TAMS 0x0000000085100000, 0x0000000085000000| Untracked 
|  81|0x0000000085100000, 0x0000000085200000, 0x0000000085200000|100%| O|  |TAMS 0x0000000085200000, 0x0000000085100000| Untracked 
|  82|0x0000000085200000, 0x0000000085300000, 0x0000000085300000|100%| O|  |TAMS 0x0000000085300000, 0x0000000085200000| Untracked 
|  83|0x0000000085300000, 0x0000000085400000, 0x0000000085400000|100%| O|  |TAMS 0x0000000085400000, 0x0000000085300000| Untracked 
|  84|0x0000000085400000, 0x0000000085400000, 0x0000000085500000|  0%| F|  |TAMS 0x0000000085400000, 0x0000000085400000| Untracked 
|  85|0x0000000085500000, 0x0000000085600000, 0x0000000085600000|100%| O|  |TAMS 0x0000000085600000, 0x0000000085500000| Untracked 
|  86|0x0000000085600000, 0x0000000085700000, 0x0000000085700000|100%| O|  |TAMS 0x0000000085700000, 0x0000000085600000| Untracked 
|  87|0x0000000085700000, 0x0000000085800000, 0x0000000085800000|100%| O|  |TAMS 0x0000000085800000, 0x0000000085700000| Untracked 
|  88|0x0000000085800000, 0x0000000085900000, 0x0000000085900000|100%| O|  |TAMS 0x0000000085900000, 0x0000000085800000| Untracked 
|  89|0x0000000085900000, 0x0000000085a00000, 0x0000000085a00000|100%| O|  |TAMS 0x0000000085a00000, 0x0000000085900000| Untracked 
|  90|0x0000000085a00000, 0x0000000085b00000, 0x0000000085b00000|100%| O|  |TAMS 0x0000000085ac7000, 0x0000000085a00000| Untracked 
|  91|0x0000000085b00000, 0x0000000085c00000, 0x0000000085c00000|100%| O|  |TAMS 0x0000000085b00000, 0x0000000085b00000| Untracked 
|  92|0x0000000085c00000, 0x0000000085d00000, 0x0000000085d00000|100%| O|  |TAMS 0x0000000085c00000, 0x0000000085c00000| Untracked 
|  93|0x0000000085d00000, 0x0000000085e00000, 0x0000000085e00000|100%| O|  |TAMS 0x0000000085d00000, 0x0000000085d00000| Untracked 
|  94|0x0000000085e00000, 0x0000000085f00000, 0x0000000085f00000|100%| O|  |TAMS 0x0000000085e00000, 0x0000000085e00000| Untracked 
|  95|0x0000000085f00000, 0x0000000086000000, 0x0000000086000000|100%| O|  |TAMS 0x0000000085f00000, 0x0000000085f00000| Untracked 
|  96|0x0000000086000000, 0x0000000086051000, 0x0000000086100000| 31%| O|  |TAMS 0x0000000086000000, 0x0000000086000000| Untracked 
|  97|0x0000000086100000, 0x0000000086100000, 0x0000000086200000|  0%| F|  |TAMS 0x0000000086100000, 0x0000000086100000| Untracked 
|  98|0x0000000086200000, 0x0000000086200000, 0x0000000086300000|  0%| F|  |TAMS 0x0000000086200000, 0x0000000086200000| Untracked 
|  99|0x0000000086300000, 0x0000000086300000, 0x0000000086400000|  0%| F|  |TAMS 0x0000000086300000, 0x0000000086300000| Untracked 
| 100|0x0000000086400000, 0x0000000086400000, 0x0000000086500000|  0%| F|  |TAMS 0x0000000086400000, 0x0000000086400000| Untracked 
| 101|0x0000000086500000, 0x0000000086500000, 0x0000000086600000|  0%| F|  |TAMS 0x0000000086500000, 0x0000000086500000| Untracked 
| 102|0x0000000086600000, 0x0000000086600000, 0x0000000086700000|  0%| F|  |TAMS 0x0000000086600000, 0x0000000086600000| Untracked 
| 103|0x0000000086700000, 0x0000000086700000, 0x0000000086800000|  0%| F|  |TAMS 0x0000000086700000, 0x0000000086700000| Untracked 
| 104|0x0000000086800000, 0x0000000086800000, 0x0000000086900000|  0%| F|  |TAMS 0x0000000086800000, 0x0000000086800000| Untracked 
| 105|0x0000000086900000, 0x0000000086900000, 0x0000000086a00000|  0%| F|  |TAMS 0x0000000086900000, 0x0000000086900000| Untracked 
| 106|0x0000000086a00000, 0x0000000086a00000, 0x0000000086b00000|  0%| F|  |TAMS 0x0000000086a00000, 0x0000000086a00000| Untracked 
| 107|0x0000000086b00000, 0x0000000086b00000, 0x0000000086c00000|  0%| F|  |TAMS 0x0000000086b00000, 0x0000000086b00000| Untracked 
| 108|0x0000000086c00000, 0x0000000086c00000, 0x0000000086d00000|  0%| F|  |TAMS 0x0000000086c00000, 0x0000000086c00000| Untracked 
| 109|0x0000000086d00000, 0x0000000086d00000, 0x0000000086e00000|  0%| F|  |TAMS 0x0000000086d00000, 0x0000000086d00000| Untracked 
| 110|0x0000000086e00000, 0x0000000086e00000, 0x0000000086f00000|  0%| F|  |TAMS 0x0000000086e00000, 0x0000000086e00000| Untracked 
| 111|0x0000000086f00000, 0x0000000086f00000, 0x0000000087000000|  0%| F|  |TAMS 0x0000000086f00000, 0x0000000086f00000| Untracked 
| 112|0x0000000087000000, 0x0000000087000000, 0x0000000087100000|  0%| F|  |TAMS 0x0000000087000000, 0x0000000087000000| Untracked 
| 113|0x0000000087100000, 0x0000000087100000, 0x0000000087200000|  0%| F|  |TAMS 0x0000000087100000, 0x0000000087100000| Untracked 
| 114|0x0000000087200000, 0x0000000087200000, 0x0000000087300000|  0%| F|  |TAMS 0x0000000087200000, 0x0000000087200000| Untracked 
| 115|0x0000000087300000, 0x0000000087300000, 0x0000000087400000|  0%| F|  |TAMS 0x0000000087300000, 0x0000000087300000| Untracked 
| 116|0x0000000087400000, 0x0000000087400000, 0x0000000087500000|  0%| F|  |TAMS 0x0000000087400000, 0x0000000087400000| Untracked 
| 117|0x0000000087500000, 0x0000000087500000, 0x0000000087600000|  0%| F|  |TAMS 0x0000000087500000, 0x0000000087500000| Untracked 
| 118|0x0000000087600000, 0x0000000087600000, 0x0000000087700000|  0%| F|  |TAMS 0x0000000087600000, 0x0000000087600000| Untracked 
| 119|0x0000000087700000, 0x0000000087700000, 0x0000000087800000|  0%| F|  |TAMS 0x0000000087700000, 0x0000000087700000| Untracked 
| 120|0x0000000087800000, 0x0000000087800000, 0x0000000087900000|  0%| F|  |TAMS 0x0000000087800000, 0x0000000087800000| Untracked 
| 121|0x0000000087900000, 0x0000000087900000, 0x0000000087a00000|  0%| F|  |TAMS 0x0000000087900000, 0x0000000087900000| Untracked 
| 122|0x0000000087a00000, 0x0000000087a00000, 0x0000000087b00000|  0%| F|  |TAMS 0x0000000087a00000, 0x0000000087a00000| Untracked 
| 123|0x0000000087b00000, 0x0000000087b00000, 0x0000000087c00000|  0%| F|  |TAMS 0x0000000087b00000, 0x0000000087b00000| Untracked 
| 124|0x0000000087c00000, 0x0000000087c00000, 0x0000000087d00000|  0%| F|  |TAMS 0x0000000087c00000, 0x0000000087c00000| Untracked 
| 125|0x0000000087d00000, 0x0000000087d00000, 0x0000000087e00000|  0%| F|  |TAMS 0x0000000087d00000, 0x0000000087d00000| Untracked 
| 126|0x0000000087e00000, 0x0000000087e00000, 0x0000000087f00000|  0%| F|  |TAMS 0x0000000087e00000, 0x0000000087e00000| Untracked 
| 127|0x0000000087f00000, 0x0000000087f00000, 0x0000000088000000|  0%| F|  |TAMS 0x0000000087f00000, 0x0000000087f00000| Untracked 
| 128|0x0000000088000000, 0x0000000088000000, 0x0000000088100000|  0%| F|  |TAMS 0x0000000088000000, 0x0000000088000000| Untracked 
| 129|0x0000000088100000, 0x0000000088100000, 0x0000000088200000|  0%| F|  |TAMS 0x0000000088100000, 0x0000000088100000| Untracked 
| 130|0x0000000088200000, 0x0000000088200000, 0x0000000088300000|  0%| F|  |TAMS 0x0000000088200000, 0x0000000088200000| Untracked 
| 131|0x0000000088300000, 0x0000000088300000, 0x0000000088400000|  0%| F|  |TAMS 0x0000000088300000, 0x0000000088300000| Untracked 
| 132|0x0000000088400000, 0x0000000088400000, 0x0000000088500000|  0%| F|  |TAMS 0x0000000088400000, 0x0000000088400000| Untracked 
| 133|0x0000000088500000, 0x0000000088500000, 0x0000000088600000|  0%| F|  |TAMS 0x0000000088500000, 0x0000000088500000| Untracked 
| 134|0x0000000088600000, 0x0000000088600000, 0x0000000088700000|  0%| F|  |TAMS 0x0000000088600000, 0x0000000088600000| Untracked 
| 135|0x0000000088700000, 0x0000000088700000, 0x0000000088800000|  0%| F|  |TAMS 0x0000000088700000, 0x0000000088700000| Untracked 
| 136|0x0000000088800000, 0x0000000088800000, 0x0000000088900000|  0%| F|  |TAMS 0x0000000088800000, 0x0000000088800000| Untracked 
| 137|0x0000000088900000, 0x0000000088900000, 0x0000000088a00000|  0%| F|  |TAMS 0x0000000088900000, 0x0000000088900000| Untracked 
| 138|0x0000000088a00000, 0x0000000088a00000, 0x0000000088b00000|  0%| F|  |TAMS 0x0000000088a00000, 0x0000000088a00000| Untracked 
| 139|0x0000000088b00000, 0x0000000088b00000, 0x0000000088c00000|  0%| F|  |TAMS 0x0000000088b00000, 0x0000000088b00000| Untracked 
| 140|0x0000000088c00000, 0x0000000088c00000, 0x0000000088d00000|  0%| F|  |TAMS 0x0000000088c00000, 0x0000000088c00000| Untracked 
| 141|0x0000000088d00000, 0x0000000088d00000, 0x0000000088e00000|  0%| F|  |TAMS 0x0000000088d00000, 0x0000000088d00000| Untracked 
| 142|0x0000000088e00000, 0x0000000088e00000, 0x0000000088f00000|  0%| F|  |TAMS 0x0000000088e00000, 0x0000000088e00000| Untracked 
| 143|0x0000000088f00000, 0x0000000088f00000, 0x0000000089000000|  0%| F|  |TAMS 0x0000000088f00000, 0x0000000088f00000| Untracked 
| 144|0x0000000089000000, 0x0000000089000000, 0x0000000089100000|  0%| F|  |TAMS 0x0000000089000000, 0x0000000089000000| Untracked 
| 145|0x0000000089100000, 0x0000000089100000, 0x0000000089200000|  0%| F|  |TAMS 0x0000000089100000, 0x0000000089100000| Untracked 
| 146|0x0000000089200000, 0x0000000089200000, 0x0000000089300000|  0%| F|  |TAMS 0x0000000089200000, 0x0000000089200000| Untracked 
| 147|0x0000000089300000, 0x0000000089300000, 0x0000000089400000|  0%| F|  |TAMS 0x0000000089300000, 0x0000000089300000| Untracked 
| 148|0x0000000089400000, 0x0000000089400000, 0x0000000089500000|  0%| F|  |TAMS 0x0000000089400000, 0x0000000089400000| Untracked 
| 149|0x0000000089500000, 0x0000000089500000, 0x0000000089600000|  0%| F|  |TAMS 0x0000000089500000, 0x0000000089500000| Untracked 
| 150|0x0000000089600000, 0x0000000089600000, 0x0000000089700000|  0%| F|  |TAMS 0x0000000089600000, 0x0000000089600000| Untracked 
| 151|0x0000000089700000, 0x0000000089700000, 0x0000000089800000|  0%| F|  |TAMS 0x0000000089700000, 0x0000000089700000| Untracked 
| 152|0x0000000089800000, 0x0000000089800000, 0x0000000089900000|  0%| F|  |TAMS 0x0000000089800000, 0x0000000089800000| Untracked 
| 153|0x0000000089900000, 0x0000000089900000, 0x0000000089a00000|  0%| F|  |TAMS 0x0000000089900000, 0x0000000089900000| Untracked 
| 154|0x0000000089a00000, 0x0000000089a00000, 0x0000000089b00000|  0%| F|  |TAMS 0x0000000089a00000, 0x0000000089a00000| Untracked 
| 155|0x0000000089b00000, 0x0000000089b00000, 0x0000000089c00000|  0%| F|  |TAMS 0x0000000089b00000, 0x0000000089b00000| Untracked 
| 156|0x0000000089c00000, 0x0000000089c00000, 0x0000000089d00000|  0%| F|  |TAMS 0x0000000089c00000, 0x0000000089c00000| Untracked 
| 157|0x0000000089d00000, 0x0000000089d00000, 0x0000000089e00000|  0%| F|  |TAMS 0x0000000089d00000, 0x0000000089d00000| Untracked 
| 158|0x0000000089e00000, 0x0000000089e00000, 0x0000000089f00000|  0%| F|  |TAMS 0x0000000089e00000, 0x0000000089e00000| Untracked 
| 159|0x0000000089f00000, 0x0000000089f00000, 0x000000008a000000|  0%| F|  |TAMS 0x0000000089f00000, 0x0000000089f00000| Untracked 
| 160|0x000000008a000000, 0x000000008a000000, 0x000000008a100000|  0%| F|  |TAMS 0x000000008a000000, 0x000000008a000000| Untracked 
| 161|0x000000008a100000, 0x000000008a100000, 0x000000008a200000|  0%| F|  |TAMS 0x000000008a100000, 0x000000008a100000| Untracked 
| 162|0x000000008a200000, 0x000000008a200000, 0x000000008a300000|  0%| F|  |TAMS 0x000000008a200000, 0x000000008a200000| Untracked 
| 163|0x000000008a300000, 0x000000008a300000, 0x000000008a400000|  0%| F|  |TAMS 0x000000008a300000, 0x000000008a300000| Untracked 
| 164|0x000000008a400000, 0x000000008a400000, 0x000000008a500000|  0%| F|  |TAMS 0x000000008a400000, 0x000000008a400000| Untracked 
| 165|0x000000008a500000, 0x000000008a500000, 0x000000008a600000|  0%| F|  |TAMS 0x000000008a500000, 0x000000008a500000| Untracked 
| 166|0x000000008a600000, 0x000000008a600000, 0x000000008a700000|  0%| F|  |TAMS 0x000000008a600000, 0x000000008a600000| Untracked 
| 167|0x000000008a700000, 0x000000008a700000, 0x000000008a800000|  0%| F|  |TAMS 0x000000008a700000, 0x000000008a700000| Untracked 
| 168|0x000000008a800000, 0x000000008a800000, 0x000000008a900000|  0%| F|  |TAMS 0x000000008a800000, 0x000000008a800000| Untracked 
| 169|0x000000008a900000, 0x000000008a900000, 0x000000008aa00000|  0%| F|  |TAMS 0x000000008a900000, 0x000000008a900000| Untracked 
| 170|0x000000008aa00000, 0x000000008aa6e180, 0x000000008ab00000| 43%| S|CS|TAMS 0x000000008aa00000, 0x000000008aa00000| Complete 
| 171|0x000000008ab00000, 0x000000008ab00000, 0x000000008ac00000|  0%| F|  |TAMS 0x000000008ab00000, 0x000000008ab00000| Untracked 
| 172|0x000000008ac00000, 0x000000008ac00000, 0x000000008ad00000|  0%| F|  |TAMS 0x000000008ac00000, 0x000000008ac00000| Untracked 
| 173|0x000000008ad00000, 0x000000008ad00000, 0x000000008ae00000|  0%| F|  |TAMS 0x000000008ad00000, 0x000000008ad00000| Untracked 
| 174|0x000000008ae00000, 0x000000008ae00000, 0x000000008af00000|  0%| F|  |TAMS 0x000000008ae00000, 0x000000008ae00000| Untracked 
| 175|0x000000008af00000, 0x000000008af00000, 0x000000008b000000|  0%| F|  |TAMS 0x000000008af00000, 0x000000008af00000| Untracked 
| 176|0x000000008b000000, 0x000000008b000000, 0x000000008b100000|  0%| F|  |TAMS 0x000000008b000000, 0x000000008b000000| Untracked 
| 177|0x000000008b100000, 0x000000008b100000, 0x000000008b200000|  0%| F|  |TAMS 0x000000008b100000, 0x000000008b100000| Untracked 
| 178|0x000000008b200000, 0x000000008b200000, 0x000000008b300000|  0%| F|  |TAMS 0x000000008b200000, 0x000000008b200000| Untracked 
| 179|0x000000008b300000, 0x000000008b300000, 0x000000008b400000|  0%| F|  |TAMS 0x000000008b300000, 0x000000008b300000| Untracked 
| 180|0x000000008b400000, 0x000000008b400000, 0x000000008b500000|  0%| F|  |TAMS 0x000000008b400000, 0x000000008b400000| Untracked 
| 181|0x000000008b500000, 0x000000008b500000, 0x000000008b600000|  0%| F|  |TAMS 0x000000008b500000, 0x000000008b500000| Untracked 
| 182|0x000000008b600000, 0x000000008b600000, 0x000000008b700000|  0%| F|  |TAMS 0x000000008b600000, 0x000000008b600000| Untracked 
| 183|0x000000008b700000, 0x000000008b700000, 0x000000008b800000|  0%| F|  |TAMS 0x000000008b700000, 0x000000008b700000| Untracked 
| 184|0x000000008b800000, 0x000000008b800000, 0x000000008b900000|  0%| F|  |TAMS 0x000000008b800000, 0x000000008b800000| Untracked 
| 185|0x000000008b900000, 0x000000008b900000, 0x000000008ba00000|  0%| F|  |TAMS 0x000000008b900000, 0x000000008b900000| Untracked 
| 186|0x000000008ba00000, 0x000000008ba00000, 0x000000008bb00000|  0%| F|  |TAMS 0x000000008ba00000, 0x000000008ba00000| Untracked 
| 187|0x000000008bb00000, 0x000000008bb00000, 0x000000008bc00000|  0%| F|  |TAMS 0x000000008bb00000, 0x000000008bb00000| Untracked 
| 188|0x000000008bc00000, 0x000000008bc00000, 0x000000008bd00000|  0%| F|  |TAMS 0x000000008bc00000, 0x000000008bc00000| Untracked 
| 189|0x000000008bd00000, 0x000000008bd00000, 0x000000008be00000|  0%| F|  |TAMS 0x000000008bd00000, 0x000000008bd00000| Untracked 
| 190|0x000000008be00000, 0x000000008be00000, 0x000000008bf00000|  0%| F|  |TAMS 0x000000008be00000, 0x000000008be00000| Untracked 
| 191|0x000000008bf00000, 0x000000008bf00000, 0x000000008c000000|  0%| F|  |TAMS 0x000000008bf00000, 0x000000008bf00000| Untracked 
| 192|0x000000008c000000, 0x000000008c000000, 0x000000008c100000|  0%| F|  |TAMS 0x000000008c000000, 0x000000008c000000| Untracked 
| 193|0x000000008c100000, 0x000000008c100000, 0x000000008c200000|  0%| F|  |TAMS 0x000000008c100000, 0x000000008c100000| Untracked 
| 194|0x000000008c200000, 0x000000008c200000, 0x000000008c300000|  0%| F|  |TAMS 0x000000008c200000, 0x000000008c200000| Untracked 
| 195|0x000000008c300000, 0x000000008c300000, 0x000000008c400000|  0%| F|  |TAMS 0x000000008c300000, 0x000000008c300000| Untracked 
| 196|0x000000008c400000, 0x000000008c400000, 0x000000008c500000|  0%| F|  |TAMS 0x000000008c400000, 0x000000008c400000| Untracked 
| 197|0x000000008c500000, 0x000000008c500000, 0x000000008c600000|  0%| F|  |TAMS 0x000000008c500000, 0x000000008c500000| Untracked 
| 198|0x000000008c600000, 0x000000008c600000, 0x000000008c700000|  0%| F|  |TAMS 0x000000008c600000, 0x000000008c600000| Untracked 
| 199|0x000000008c700000, 0x000000008c700000, 0x000000008c800000|  0%| F|  |TAMS 0x000000008c700000, 0x000000008c700000| Untracked 
| 200|0x000000008c800000, 0x000000008c800000, 0x000000008c900000|  0%| F|  |TAMS 0x000000008c800000, 0x000000008c800000| Untracked 
| 201|0x000000008c900000, 0x000000008c900000, 0x000000008ca00000|  0%| F|  |TAMS 0x000000008c900000, 0x000000008c900000| Untracked 
| 202|0x000000008ca00000, 0x000000008ca00000, 0x000000008cb00000|  0%| F|  |TAMS 0x000000008ca00000, 0x000000008ca00000| Untracked 
| 203|0x000000008cb00000, 0x000000008cb00000, 0x000000008cc00000|  0%| F|  |TAMS 0x000000008cb00000, 0x000000008cb00000| Untracked 
| 204|0x000000008cc00000, 0x000000008cc00000, 0x000000008cd00000|  0%| F|  |TAMS 0x000000008cc00000, 0x000000008cc00000| Untracked 
| 205|0x000000008cd00000, 0x000000008cd00000, 0x000000008ce00000|  0%| F|  |TAMS 0x000000008cd00000, 0x000000008cd00000| Untracked 
| 206|0x000000008ce00000, 0x000000008ce00000, 0x000000008cf00000|  0%| F|  |TAMS 0x000000008ce00000, 0x000000008ce00000| Untracked 
| 207|0x000000008cf00000, 0x000000008cf00000, 0x000000008d000000|  0%| F|  |TAMS 0x000000008cf00000, 0x000000008cf00000| Untracked 
| 208|0x000000008d000000, 0x000000008d000000, 0x000000008d100000|  0%| F|  |TAMS 0x000000008d000000, 0x000000008d000000| Untracked 
| 209|0x000000008d100000, 0x000000008d100000, 0x000000008d200000|  0%| F|  |TAMS 0x000000008d100000, 0x000000008d100000| Untracked 
| 210|0x000000008d200000, 0x000000008d200000, 0x000000008d300000|  0%| F|  |TAMS 0x000000008d200000, 0x000000008d200000| Untracked 
| 211|0x000000008d300000, 0x000000008d300000, 0x000000008d400000|  0%| F|  |TAMS 0x000000008d300000, 0x000000008d300000| Untracked 
| 212|0x000000008d400000, 0x000000008d400000, 0x000000008d500000|  0%| F|  |TAMS 0x000000008d400000, 0x000000008d400000| Untracked 
| 213|0x000000008d500000, 0x000000008d500000, 0x000000008d600000|  0%| F|  |TAMS 0x000000008d500000, 0x000000008d500000| Untracked 
| 214|0x000000008d600000, 0x000000008d600000, 0x000000008d700000|  0%| F|  |TAMS 0x000000008d600000, 0x000000008d600000| Untracked 
| 215|0x000000008d700000, 0x000000008d700000, 0x000000008d800000|  0%| F|  |TAMS 0x000000008d700000, 0x000000008d700000| Untracked 
| 216|0x000000008d800000, 0x000000008d800000, 0x000000008d900000|  0%| F|  |TAMS 0x000000008d800000, 0x000000008d800000| Untracked 
| 217|0x000000008d900000, 0x000000008d900000, 0x000000008da00000|  0%| F|  |TAMS 0x000000008d900000, 0x000000008d900000| Untracked 
| 218|0x000000008da00000, 0x000000008da00000, 0x000000008db00000|  0%| F|  |TAMS 0x000000008da00000, 0x000000008da00000| Untracked 
| 219|0x000000008db00000, 0x000000008db00000, 0x000000008dc00000|  0%| F|  |TAMS 0x000000008db00000, 0x000000008db00000| Untracked 
| 220|0x000000008dc00000, 0x000000008dc00000, 0x000000008dd00000|  0%| F|  |TAMS 0x000000008dc00000, 0x000000008dc00000| Untracked 
| 221|0x000000008dd00000, 0x000000008dd00000, 0x000000008de00000|  0%| F|  |TAMS 0x000000008dd00000, 0x000000008dd00000| Untracked 
| 222|0x000000008de00000, 0x000000008de00000, 0x000000008df00000|  0%| F|  |TAMS 0x000000008de00000, 0x000000008de00000| Untracked 
| 223|0x000000008df00000, 0x000000008df00000, 0x000000008e000000|  0%| F|  |TAMS 0x000000008df00000, 0x000000008df00000| Untracked 
| 224|0x000000008e000000, 0x000000008e000000, 0x000000008e100000|  0%| F|  |TAMS 0x000000008e000000, 0x000000008e000000| Untracked 
| 225|0x000000008e100000, 0x000000008e100000, 0x000000008e200000|  0%| F|  |TAMS 0x000000008e100000, 0x000000008e100000| Untracked 
| 226|0x000000008e200000, 0x000000008e200000, 0x000000008e300000|  0%| F|  |TAMS 0x000000008e200000, 0x000000008e200000| Untracked 
| 227|0x000000008e300000, 0x000000008e300000, 0x000000008e400000|  0%| F|  |TAMS 0x000000008e300000, 0x000000008e300000| Untracked 
| 228|0x000000008e400000, 0x000000008e400000, 0x000000008e500000|  0%| F|  |TAMS 0x000000008e400000, 0x000000008e400000| Untracked 
| 229|0x000000008e500000, 0x000000008e500000, 0x000000008e600000|  0%| F|  |TAMS 0x000000008e500000, 0x000000008e500000| Untracked 
| 230|0x000000008e600000, 0x000000008e600000, 0x000000008e700000|  0%| F|  |TAMS 0x000000008e600000, 0x000000008e600000| Untracked 
| 231|0x000000008e700000, 0x000000008e700000, 0x000000008e800000|  0%| F|  |TAMS 0x000000008e700000, 0x000000008e700000| Untracked 
| 232|0x000000008e800000, 0x000000008e800000, 0x000000008e900000|  0%| F|  |TAMS 0x000000008e800000, 0x000000008e800000| Untracked 
| 233|0x000000008e900000, 0x000000008e900000, 0x000000008ea00000|  0%| F|  |TAMS 0x000000008e900000, 0x000000008e900000| Untracked 
| 234|0x000000008ea00000, 0x000000008ea00000, 0x000000008eb00000|  0%| F|  |TAMS 0x000000008ea00000, 0x000000008ea00000| Untracked 
| 235|0x000000008eb00000, 0x000000008eb00000, 0x000000008ec00000|  0%| F|  |TAMS 0x000000008eb00000, 0x000000008eb00000| Untracked 
| 236|0x000000008ec00000, 0x000000008ec00000, 0x000000008ed00000|  0%| F|  |TAMS 0x000000008ec00000, 0x000000008ec00000| Untracked 
| 237|0x000000008ed00000, 0x000000008ed00000, 0x000000008ee00000|  0%| F|  |TAMS 0x000000008ed00000, 0x000000008ed00000| Untracked 
| 238|0x000000008ee00000, 0x000000008ee00000, 0x000000008ef00000|  0%| F|  |TAMS 0x000000008ee00000, 0x000000008ee00000| Untracked 
| 239|0x000000008ef00000, 0x000000008ef00000, 0x000000008f000000|  0%| F|  |TAMS 0x000000008ef00000, 0x000000008ef00000| Untracked 
| 240|0x000000008f000000, 0x000000008f000000, 0x000000008f100000|  0%| F|  |TAMS 0x000000008f000000, 0x000000008f000000| Untracked 
| 241|0x000000008f100000, 0x000000008f100000, 0x000000008f200000|  0%| F|  |TAMS 0x000000008f100000, 0x000000008f100000| Untracked 
| 242|0x000000008f200000, 0x000000008f200000, 0x000000008f300000|  0%| F|  |TAMS 0x000000008f200000, 0x000000008f200000| Untracked 
| 243|0x000000008f300000, 0x000000008f300000, 0x000000008f400000|  0%| F|  |TAMS 0x000000008f300000, 0x000000008f300000| Untracked 
| 244|0x000000008f400000, 0x000000008f400000, 0x000000008f500000|  0%| F|  |TAMS 0x000000008f400000, 0x000000008f400000| Untracked 
| 245|0x000000008f500000, 0x000000008f500000, 0x000000008f600000|  0%| F|  |TAMS 0x000000008f500000, 0x000000008f500000| Untracked 
| 246|0x000000008f600000, 0x000000008f600000, 0x000000008f700000|  0%| F|  |TAMS 0x000000008f600000, 0x000000008f600000| Untracked 
| 247|0x000000008f700000, 0x000000008f700000, 0x000000008f800000|  0%| F|  |TAMS 0x000000008f700000, 0x000000008f700000| Untracked 
| 248|0x000000008f800000, 0x000000008f800000, 0x000000008f900000|  0%| F|  |TAMS 0x000000008f800000, 0x000000008f800000| Untracked 
| 249|0x000000008f900000, 0x000000008f900000, 0x000000008fa00000|  0%| F|  |TAMS 0x000000008f900000, 0x000000008f900000| Untracked 
| 250|0x000000008fa00000, 0x000000008fa00000, 0x000000008fb00000|  0%| F|  |TAMS 0x000000008fa00000, 0x000000008fa00000| Untracked 
| 251|0x000000008fb00000, 0x000000008fb00000, 0x000000008fc00000|  0%| F|  |TAMS 0x000000008fb00000, 0x000000008fb00000| Untracked 

Card table byte_map: [0x000001ecb9a70000,0x000001ecb9e70000] _byte_map_base: 0x000001ecb9670000

Marking Bits (Prev, Next): (CMBitMap*) 0x000001eca28c7280, (CMBitMap*) 0x000001eca28c7240
 Prev Bits: [0x000001ecbc270000, 0x000001ecbe270000)
 Next Bits: [0x000001ecba270000, 0x000001ecbc270000)

Polling page: 0x000001eca2030000

Metaspace:

Usage:
  Non-class:     76.03 MB used.
      Class:     12.20 MB used.
       Both:     88.23 MB used.

Virtual space:
  Non-class space:      128.00 MB reserved,      76.38 MB ( 60%) committed,  2 nodes.
      Class space:        1.00 GB reserved,      12.56 MB (  1%) committed,  1 nodes.
             Both:        1.12 GB reserved,      88.94 MB (  8%) committed. 

Chunk freelists:
   Non-Class:  3.66 MB
       Class:  3.48 MB
        Both:  7.14 MB

MaxMetaspaceSize: unlimited
CompressedClassSpaceSize: 1.00 GB
Initial GC threshold: 21.00 MB
Current GC threshold: 147.94 MB
CDS: on
MetaspaceReclaimPolicy: balanced
 - commit_granule_bytes: 65536.
 - commit_granule_words: 8192.
 - virtual_space_node_default_size: 8388608.
 - enlarge_chunks_in_place: 1.
 - new_chunks_are_fully_committed: 0.
 - uncommit_free_chunks: 1.
 - use_allocation_guard: 0.
 - handle_deallocations: 1.


Internal statistics:

num_allocs_failed_limit: 6.
num_arena_births: 920.
num_arena_deaths: 8.
num_vsnodes_births: 3.
num_vsnodes_deaths: 0.
num_space_committed: 1423.
num_space_uncommitted: 0.
num_chunks_returned_to_freelist: 23.
num_chunks_taken_from_freelist: 4649.
num_chunk_merges: 5.
num_chunk_splits: 3105.
num_chunks_enlarged: 2153.
num_inconsistent_stats: 0.

CodeHeap 'non-profiled nmethods': size=120000Kb used=7381Kb max_used=7381Kb free=112618Kb
 bounds [0x000001ecb1bf0000, 0x000001ecb2330000, 0x000001ecb9120000]
CodeHeap 'profiled nmethods': size=120000Kb used=21478Kb max_used=21823Kb free=98521Kb
 bounds [0x000001ecaa120000, 0x000001ecab680000, 0x000001ecb1650000]
CodeHeap 'non-nmethods': size=5760Kb used=2415Kb max_used=2534Kb free=3345Kb
 bounds [0x000001ecb1650000, 0x000001ecb18d0000, 0x000001ecb1bf0000]
 total_blobs=12310 nmethods=11372 adapters=850
 compilation: enabled
              stopped_count=0, restarted_count=0
 full_count=0

Compilation events (20 events):
Event: 14.192 Thread 0x000001ed060434e0 13632   !   3       org.gradle.internal.instantiation.generator.DefaultInstantiationScheme$DefaultDeserializationInstantiator::newInstance (66 bytes)
Event: 14.193 Thread 0x000001ed060434e0 nmethod 13632 0x000001ecab41c090 code [0x000001ecab41c340, 0x000001ecab41d138]
Event: 14.193 Thread 0x000001ed060434e0 13633       3       org.gradle.internal.instantiation.generator.AbstractClassGenerator::access$700 (4 bytes)
Event: 14.193 Thread 0x000001ed060434e0 nmethod 13633 0x000001ecaae33290 code [0x000001ecaae33420, 0x000001ecaae33518]
Event: 14.197 Thread 0x000001ed0b178c20 nmethod 13617 0x000001ecb231c990 code [0x000001ecb231cba0, 0x000001ecb231d5a8]
Event: 14.197 Thread 0x000001ed0b178c20 13628       4       org.gradle.internal.snapshot.SingletonChildMap::withNode (11 bytes)
Event: 14.198 Thread 0x000001ed0b178c20 nmethod 13628 0x000001ecb231e010 code [0x000001ecb231e1a0, 0x000001ecb231e2c8]
Event: 14.199 Thread 0x000001ed0b178c20 13636       4       com.google.common.collect.ImmutableMap$Builder::build (170 bytes)
Event: 14.206 Thread 0x000001ed0b178180 nmethod 13621 0x000001ecb231e490 code [0x000001ecb231e680, 0x000001ecb231f4d8]
Event: 14.206 Thread 0x000001ed0b178180 13629       4       org.gradle.api.internal.artifacts.transform.TransformExecutionResult$Builder$EntireInputArtifact::resolveForInputArtifact (2 bytes)
Event: 14.206 Thread 0x000001ed0b178180 nmethod 13629 0x000001ecb231fd10 code [0x000001ecb231fe80, 0x000001ecb231fef8]
Event: 14.206 Thread 0x000001ed0b178180 13634       4       org.gradle.api.internal.artifacts.transform.TransformWorkspaceIdentity::hashCode (8 bytes)
Event: 14.208 Thread 0x000001ed060434e0 13639       3       com.google.common.io.CountingInputStream::<init> (19 bytes)
Event: 14.208 Thread 0x000001ed060434e0 nmethod 13639 0x000001ecab41b810 code [0x000001ecab41b9e0, 0x000001ecab41bde8]
Event: 14.210 Thread 0x000001ed0b178180 nmethod 13634 0x000001ecb2320010 code [0x000001ecb23201a0, 0x000001ecb23203e8]
Event: 14.210 Thread 0x000001ed0b178180 13640       4       org.gradle.internal.vfs.impl.DefaultFileSystemAccess::readSnapshotFromLocation (27 bytes)
Event: 14.223 Thread 0x000001ed06041050 nmethod 13610 0x000001ecb2320590 code [0x000001ecb2320840, 0x000001ecb2322780]
Event: 14.223 Thread 0x000001ed06041050 13642       4       sun.nio.fs.WindowsPathParser::parse (384 bytes)
Event: 14.223 Thread 0x000001ed0b178c20 nmethod 13636 0x000001ecb2323710 code [0x000001ecb2323940, 0x000001ecb2324b38]
Event: 14.223 Thread 0x000001ed0b178c20 13641   !   4       java.util.concurrent.ArrayBlockingQueue::poll (83 bytes)

GC Heap History (20 events):
Event: 9.693 GC heap after
{Heap after GC invocations=37 (full 0):
 garbage-first heap   total 162816K, used 79683K [0x0000000080000000, 0x0000000100000000)
  region size 1024K, 7 young (7168K), 7 survivors (7168K)
 Metaspace       used 78530K, committed 79168K, reserved 1179648K
  class space    used 11043K, committed 11392K, reserved 1048576K
}
Event: 10.207 GC heap before
{Heap before GC invocations=37 (full 0):
 garbage-first heap   total 162816K, used 132931K [0x0000000080000000, 0x0000000100000000)
  region size 1024K, 60 young (61440K), 7 survivors (7168K)
 Metaspace       used 80093K, committed 80768K, reserved 1179648K
  class space    used 11279K, committed 11584K, reserved 1048576K
}
Event: 10.213 GC heap after
{Heap after GC invocations=38 (full 0):
 garbage-first heap   total 162816K, used 84033K [0x0000000080000000, 0x0000000100000000)
  region size 1024K, 8 young (8192K), 8 survivors (8192K)
 Metaspace       used 80093K, committed 80768K, reserved 1179648K
  class space    used 11279K, committed 11584K, reserved 1048576K
}
Event: 10.595 GC heap before
{Heap before GC invocations=38 (full 0):
 garbage-first heap   total 162816K, used 134209K [0x0000000080000000, 0x0000000100000000)
  region size 1024K, 57 young (58368K), 8 survivors (8192K)
 Metaspace       used 80362K, committed 81024K, reserved 1179648K
  class space    used 11310K, committed 11648K, reserved 1048576K
}
Event: 10.600 GC heap after
{Heap after GC invocations=39 (full 0):
 garbage-first heap   total 162816K, used 87004K [0x0000000080000000, 0x0000000100000000)
  region size 1024K, 4 young (4096K), 4 survivors (4096K)
 Metaspace       used 80362K, committed 81024K, reserved 1179648K
  class space    used 11310K, committed 11648K, reserved 1048576K
}
Event: 11.057 GC heap before
{Heap before GC invocations=40 (full 0):
 garbage-first heap   total 162816K, used 134108K [0x0000000080000000, 0x0000000100000000)
  region size 1024K, 51 young (52224K), 4 survivors (4096K)
 Metaspace       used 83132K, committed 83776K, reserved 1179648K
  class space    used 11572K, committed 11904K, reserved 1048576K
}
Event: 11.059 GC heap after
{Heap after GC invocations=41 (full 0):
 garbage-first heap   total 162816K, used 88095K [0x0000000080000000, 0x0000000100000000)
  region size 1024K, 5 young (5120K), 5 survivors (5120K)
 Metaspace       used 83132K, committed 83776K, reserved 1179648K
  class space    used 11572K, committed 11904K, reserved 1048576K
}
Event: 11.072 GC heap before
{Heap before GC invocations=41 (full 0):
 garbage-first heap   total 162816K, used 90143K [0x0000000080000000, 0x0000000100000000)
  region size 1024K, 7 young (7168K), 5 survivors (5120K)
 Metaspace       used 83140K, committed 83840K, reserved 1179648K
  class space    used 11572K, committed 11904K, reserved 1048576K
}
Event: 11.075 GC heap after
{Heap after GC invocations=42 (full 0):
 garbage-first heap   total 162816K, used 87544K [0x0000000080000000, 0x0000000100000000)
  region size 1024K, 1 young (1024K), 1 survivors (1024K)
 Metaspace       used 83140K, committed 83840K, reserved 1179648K
  class space    used 11572K, committed 11904K, reserved 1048576K
}
Event: 11.468 GC heap before
{Heap before GC invocations=42 (full 0):
 garbage-first heap   total 162816K, used 134648K [0x0000000080000000, 0x0000000100000000)
  region size 1024K, 48 young (49152K), 1 survivors (1024K)
 Metaspace       used 87639K, committed 88320K, reserved 1179648K
  class space    used 12167K, committed 12480K, reserved 1048576K
}
Event: 11.471 GC heap after
{Heap after GC invocations=43 (full 0):
 garbage-first heap   total 162816K, used 90329K [0x0000000080000000, 0x0000000100000000)
  region size 1024K, 3 young (3072K), 3 survivors (3072K)
 Metaspace       used 87639K, committed 88320K, reserved 1179648K
  class space    used 12167K, committed 12480K, reserved 1048576K
}
Event: 11.796 GC heap before
{Heap before GC invocations=44 (full 0):
 garbage-first heap   total 162816K, used 135385K [0x0000000080000000, 0x0000000100000000)
  region size 1024K, 48 young (49152K), 3 survivors (3072K)
 Metaspace       used 88295K, committed 88896K, reserved 1179648K
  class space    used 12253K, committed 12544K, reserved 1048576K
}
Event: 11.800 GC heap after
{Heap after GC invocations=45 (full 0):
 garbage-first heap   total 162816K, used 93095K [0x0000000080000000, 0x0000000100000000)
  region size 1024K, 6 young (6144K), 6 survivors (6144K)
 Metaspace       used 88295K, committed 88896K, reserved 1179648K
  class space    used 12253K, committed 12544K, reserved 1048576K
}
Event: 11.812 GC heap before
{Heap before GC invocations=45 (full 0):
 garbage-first heap   total 162816K, used 94119K [0x0000000080000000, 0x0000000100000000)
  region size 1024K, 7 young (7168K), 6 survivors (6144K)
 Metaspace       used 88317K, committed 88960K, reserved 1179648K
  class space    used 12253K, committed 12544K, reserved 1048576K
}
Event: 11.816 GC heap after
{Heap after GC invocations=46 (full 0):
 garbage-first heap   total 162816K, used 92778K [0x0000000080000000, 0x0000000100000000)
  region size 1024K, 1 young (1024K), 1 survivors (1024K)
 Metaspace       used 88317K, committed 88960K, reserved 1179648K
  class space    used 12253K, committed 12544K, reserved 1048576K
}
Event: 14.023 GC heap before
{Heap before GC invocations=46 (full 0):
 garbage-first heap   total 162816K, used 135786K [0x0000000080000000, 0x0000000100000000)
  region size 1024K, 44 young (45056K), 1 survivors (1024K)
 Metaspace       used 90023K, committed 90688K, reserved 1179648K
  class space    used 12465K, committed 12800K, reserved 1048576K
}
Event: 14.026 GC heap after
{Heap after GC invocations=47 (full 0):
 garbage-first heap   total 162816K, used 98816K [0x0000000080000000, 0x0000000100000000)
  region size 1024K, 6 young (6144K), 6 survivors (6144K)
 Metaspace       used 90023K, committed 90688K, reserved 1179648K
  class space    used 12465K, committed 12800K, reserved 1048576K
}
Event: 14.202 GC heap before
{Heap before GC invocations=48 (full 0):
 garbage-first heap   total 181248K, used 133632K [0x0000000080000000, 0x0000000100000000)
  region size 1024K, 41 young (41984K), 6 survivors (6144K)
 Metaspace       used 90344K, committed 91072K, reserved 1179648K
  class space    used 12489K, committed 12864K, reserved 1048576K
}
Event: 14.205 GC heap after
{Heap after GC invocations=49 (full 0):
 garbage-first heap   total 181248K, used 98252K [0x0000000080000000, 0x0000000100000000)
  region size 1024K, 2 young (2048K), 2 survivors (2048K)
 Metaspace       used 90344K, committed 91072K, reserved 1179648K
  class space    used 12489K, committed 12864K, reserved 1048576K
}
Event: 14.235 GC heap before
{Heap before GC invocations=49 (full 0):
 garbage-first heap   total 181248K, used 103372K [0x0000000080000000, 0x0000000100000000)
  region size 1024K, 8 young (8192K), 2 survivors (2048K)
 Metaspace       used 90344K, committed 91072K, reserved 1179648K
  class space    used 12489K, committed 12864K, reserved 1048576K
}

Deoptimization events (20 events):
Event: 14.045 Thread 0x000001ed0853ed10 Uncommon trap: trap_request=0xffffffde fr.pc=0x000001ecb21cf628 relative=0x0000000000000548
Event: 14.045 Thread 0x000001ed0853ed10 Uncommon trap: reason=class_check action=maybe_recompile pc=0x000001ecb21cf628 method=com.google.common.collect.ImmutableMap.copyOf(Ljava/util/Map;)Lcom/google/common/collect/ImmutableMap; @ 15 c2
Event: 14.045 Thread 0x000001ed0853ed10 DEOPT PACKING pc=0x000001ecb21cf628 sp=0x0000002f87efdcf0
Event: 14.045 Thread 0x000001ed0853ed10 DEOPT UNPACKING pc=0x000001ecb16a5ba3 sp=0x0000002f87efdcb8 mode 2
Event: 14.085 Thread 0x000001ed0853ed10 Uncommon trap: trap_request=0xffffff45 fr.pc=0x000001ecb20f74e8 relative=0x00000000000000e8
Event: 14.085 Thread 0x000001ed0853ed10 Uncommon trap: reason=unstable_if action=reinterpret pc=0x000001ecb20f74e8 method=org.objectweb.asm.ByteVector.putShort(I)Lorg/objectweb/asm/ByteVector; @ 13 c2
Event: 14.085 Thread 0x000001ed0853ed10 DEOPT PACKING pc=0x000001ecb20f74e8 sp=0x0000002f87efdc50
Event: 14.085 Thread 0x000001ed0853ed10 DEOPT UNPACKING pc=0x000001ecb16a5ba3 sp=0x0000002f87efdbe8 mode 2
Event: 14.128 Thread 0x000001ed0853ed10 Uncommon trap: trap_request=0xffffffde fr.pc=0x000001ecb21cf628 relative=0x0000000000000548
Event: 14.128 Thread 0x000001ed0853ed10 Uncommon trap: reason=class_check action=maybe_recompile pc=0x000001ecb21cf628 method=com.google.common.collect.ImmutableMap.copyOf(Ljava/util/Map;)Lcom/google/common/collect/ImmutableMap; @ 15 c2
Event: 14.128 Thread 0x000001ed0853ed10 DEOPT PACKING pc=0x000001ecb21cf628 sp=0x0000002f87efd960
Event: 14.128 Thread 0x000001ed0853ed10 DEOPT UNPACKING pc=0x000001ecb16a5ba3 sp=0x0000002f87efd928 mode 2
Event: 14.128 Thread 0x000001ed0853ed10 Uncommon trap: trap_request=0xffffffde fr.pc=0x000001ecb21cf628 relative=0x0000000000000548
Event: 14.128 Thread 0x000001ed0853ed10 Uncommon trap: reason=class_check action=maybe_recompile pc=0x000001ecb21cf628 method=com.google.common.collect.ImmutableMap.copyOf(Ljava/util/Map;)Lcom/google/common/collect/ImmutableMap; @ 15 c2
Event: 14.128 Thread 0x000001ed0853ed10 DEOPT PACKING pc=0x000001ecb21cf628 sp=0x0000002f87efd960
Event: 14.128 Thread 0x000001ed0853ed10 DEOPT UNPACKING pc=0x000001ecb16a5ba3 sp=0x0000002f87efd928 mode 2
Event: 14.162 Thread 0x000001ed0634e970 Uncommon trap: trap_request=0xffffffec fr.pc=0x000001ecb2288dfc relative=0x000000000000067c
Event: 14.162 Thread 0x000001ed0634e970 Uncommon trap: reason=null_assert_or_unreached0 action=make_not_entrant pc=0x000001ecb2288dfc method=org.gradle.internal.snapshot.impl.DirectorySnapshotter$PathVisitor.shouldVisit(Ljava/nio/file/Path;Ljava/lang/String;Z)Z @ 34 c2
Event: 14.162 Thread 0x000001ed0634e970 DEOPT PACKING pc=0x000001ecb2288dfc sp=0x0000002f845f9ff0
Event: 14.162 Thread 0x000001ed0634e970 DEOPT UNPACKING pc=0x000001ecb16a5ba3 sp=0x0000002f845f9fb8 mode 2

Classes unloaded (17 events):
Event: 5.977 Thread 0x000001ecc0f3c080 Unloading class 0x000001ecc25dc3e8 '_BuildScript_$_run_closure1$_closure2$_closure3'
Event: 5.977 Thread 0x000001ecc0f3c080 Unloading class 0x000001ecc25dc000 '_BuildScript_$_run_closure1$_closure2'
Event: 5.977 Thread 0x000001ecc0f3c080 Unloading class 0x000001ecc25d0400 '_BuildScript_$_run_closure1'
Event: 5.977 Thread 0x000001ecc0f3c080 Unloading class 0x000001ecc25d0800 '_BuildScript_'
Event: 5.977 Thread 0x000001ecc0f3c080 Unloading class 0x000001ecc25747d0 '_BuildScript_$_run_closure1$_closure2$_closure3'
Event: 5.977 Thread 0x000001ecc0f3c080 Unloading class 0x000001ecc25743e8 '_BuildScript_$_run_closure1$_closure2'
Event: 5.977 Thread 0x000001ecc0f3c080 Unloading class 0x000001ecc2574000 '_BuildScript_$_run_closure1'
Event: 5.977 Thread 0x000001ecc0f3c080 Unloading class 0x000001ecc2568800 '_BuildScript_'
Event: 7.014 Thread 0x000001ecc0f3c080 Unloading class 0x000001ecc2568800 '_BuildScript_$_run_closure1'
Event: 7.014 Thread 0x000001ecc0f3c080 Unloading class 0x000001ecc25d0800 '_BuildScript_'
Event: 9.167 Thread 0x000001ecc0f3c080 Unloading class 0x000001ecc2915bb8 '_BuildScript_$_run_closure2'
Event: 9.167 Thread 0x000001ecc0f3c080 Unloading class 0x000001ecc29157d0 '_BuildScript_$_run_closure1$_closure5'
Event: 9.167 Thread 0x000001ecc0f3c080 Unloading class 0x000001ecc29153e8 '_BuildScript_$_run_closure1$_closure4$_closure6'
Event: 9.167 Thread 0x000001ecc0f3c080 Unloading class 0x000001ecc2915000 '_BuildScript_$_run_closure1$_closure4'
Event: 9.167 Thread 0x000001ecc0f3c080 Unloading class 0x000001ecc2914920 '_BuildScript_$_run_closure1$_closure3'
Event: 9.167 Thread 0x000001ecc0f3c080 Unloading class 0x000001ecc2914538 '_BuildScript_$_run_closure1'
Event: 9.167 Thread 0x000001ecc0f3c080 Unloading class 0x000001ecc2914000 '_BuildScript_'

Classes redefined (0 events):
No events

Internal exceptions (20 events):
Event: 11.848 Thread 0x000001ed0634e970 Exception <a 'sun/nio/fs/WindowsException'{0x0000000089b5f250}> (0x0000000089b5f250) 
thrown [s\open\src\hotspot\share\prims\jni.cpp, line 516]
Event: 11.849 Thread 0x000001ed0634e970 Exception <a 'sun/nio/fs/WindowsException'{0x0000000089b60110}> (0x0000000089b60110) 
thrown [s\open\src\hotspot\share\prims\jni.cpp, line 516]
Event: 11.849 Thread 0x000001ed0634e970 Exception <a 'sun/nio/fs/WindowsException'{0x0000000089b604f0}> (0x0000000089b604f0) 
thrown [s\open\src\hotspot\share\prims\jni.cpp, line 516]
Event: 11.849 Thread 0x000001ed0634e970 Exception <a 'sun/nio/fs/WindowsException'{0x0000000089b613b0}> (0x0000000089b613b0) 
thrown [s\open\src\hotspot\share\prims\jni.cpp, line 516]
Event: 11.850 Thread 0x000001ed0634e970 Exception <a 'sun/nio/fs/WindowsException'{0x0000000089b616c0}> (0x0000000089b616c0) 
thrown [s\open\src\hotspot\share\prims\jni.cpp, line 516]
Event: 11.850 Thread 0x000001ed0634e970 Exception <a 'sun/nio/fs/WindowsException'{0x0000000089b62550}> (0x0000000089b62550) 
thrown [s\open\src\hotspot\share\prims\jni.cpp, line 516]
Event: 11.861 Thread 0x000001ed0634e970 Exception <a 'java/lang/NoSuchMethodError'{0x0000000089aceb08}: static Lcom/android/builder/internal/aapt/AaptOptions;.<clinit>()V> (0x0000000089aceb08) 
thrown [s\open\src\hotspot\share\prims\jni.cpp, line 1112]
Event: 11.862 Thread 0x000001ed0634e970 Exception <a 'java/lang/NoSuchMethodError'{0x00000000899078a8}: static [Ljava/lang/Object;.<clinit>()V> (0x00000000899078a8) 
thrown [s\open\src\hotspot\share\prims\jni.cpp, line 1112]
Event: 11.863 Thread 0x000001ed0634e970 Exception <a 'java/lang/NoSuchMethodError'{0x000000008991a1e8}: static Ljava/lang/Object;.<clinit>()V> (0x000000008991a1e8) 
thrown [s\open\src\hotspot\share\prims\jni.cpp, line 1112]
Event: 11.866 Thread 0x000001ed0634e970 Exception <a 'java/lang/NoSuchMethodError'{0x0000000089950748}: static Lcom/android/build/api/variant/impl/VariantOutputImpl$SerializedForm;.<clinit>()V> (0x0000000089950748) 
thrown [s\open\src\hotspot\share\prims\jni.cpp, line 1112]
Event: 11.867 Thread 0x000001ed0634e970 Exception <a 'java/lang/NoSuchMethodError'{0x0000000089964b88}: static Lcom/android/build/api/variant/impl/VariantOutputConfigurationImpl;.<clinit>()V> (0x0000000089964b88) 
thrown [s\open\src\hotspot\share\prims\jni.cpp, line 1112]
Event: 11.870 Thread 0x000001ed0853ed10 Exception <a 'java/lang/NoSuchMethodError'{0x000000008980cbb8}: 'void java.lang.invoke.DirectMethodHandle$Holder.invokeSpecial(java.lang.Object, java.lang.Object, java.lang.Object, int)'> (0x000000008980cbb8) 
thrown [s\open\src\hotspot\share\interpreter\linkResolver.cpp, line 759]
Event: 11.954 Thread 0x000001ed0853ed10 Exception <a 'java/lang/NoSuchMethodError'{0x000000008946f598}: 'void java.lang.invoke.DirectMethodHandle$Holder.invokeStatic(java.lang.Object, long)'> (0x000000008946f598) 
thrown [s\open\src\hotspot\share\interpreter\linkResolver.cpp, line 759]
Event: 11.955 Thread 0x000001ed0853ed10 Exception <a 'java/lang/NoSuchMethodError'{0x000000008947e888}: 'java.lang.Object java.lang.invoke.DirectMethodHandle$Holder.invokeStatic(java.lang.Object, java.lang.Object, long, java.lang.Object)'> (0x000000008947e888) 
thrown [s\open\src\hotspot\share\interpreter\linkResolver.cpp, line 759]
Event: 11.955 Thread 0x000001ed0853ed10 Exception <a 'java/lang/NoSuchMethodError'{0x0000000089482308}: 'java.lang.Object java.lang.invoke.DirectMethodHandle$Holder.invokeStaticInit(java.lang.Object, java.lang.Object, long, java.lang.Object)'> (0x0000000089482308) 
thrown [s\open\src\hotspot\share\interpreter\linkResolver.cpp, line 759]
Event: 13.835 Thread 0x000001ed08513fa0 Implicit null exception at 0x000001ecb1d3f15d to 0x000001ecb1d3f2b0
Event: 14.054 Thread 0x000001ed0853ed10 Exception <a 'sun/nio/fs/WindowsException'{0x00000000897b01e8}> (0x00000000897b01e8) 
thrown [s\open\src\hotspot\share\prims\jni.cpp, line 516]
Event: 14.057 Thread 0x000001ed0853ed10 Exception <a 'sun/nio/fs/WindowsException'{0x00000000897db528}> (0x00000000897db528) 
thrown [s\open\src\hotspot\share\prims\jni.cpp, line 516]
Event: 14.057 Thread 0x000001ed0853ed10 Exception <a 'sun/nio/fs/WindowsException'{0x00000000897db978}> (0x00000000897db978) 
thrown [s\open\src\hotspot\share\prims\jni.cpp, line 516]
Event: 14.180 Thread 0x000001ed0634e970 Exception <a 'java/lang/NoSuchMethodError'{0x000000008933b7d8}: static Ljava/lang/Object;.<clinit>()V> (0x000000008933b7d8) 
thrown [s\open\src\hotspot\share\prims\jni.cpp, line 1112]

VM Operations (20 events):
Event: 11.816 Executing VM operation: G1CollectForAllocation done
Event: 11.956 Executing VM operation: HandshakeAllThreads
Event: 11.956 Executing VM operation: HandshakeAllThreads done
Event: 12.959 Executing VM operation: Cleanup
Event: 12.959 Executing VM operation: Cleanup done
Event: 13.969 Executing VM operation: Cleanup
Event: 13.970 Executing VM operation: Cleanup done
Event: 14.012 Executing VM operation: HandshakeAllThreads
Event: 14.013 Executing VM operation: HandshakeAllThreads done
Event: 14.014 Executing VM operation: HandshakeAllThreads
Event: 14.014 Executing VM operation: HandshakeAllThreads done
Event: 14.023 Executing VM operation: G1CollectForAllocation
Event: 14.026 Executing VM operation: G1CollectForAllocation done
Event: 14.067 Executing VM operation: G1Concurrent
Event: 14.071 Executing VM operation: G1Concurrent done
Event: 14.091 Executing VM operation: G1Concurrent
Event: 14.091 Executing VM operation: G1Concurrent done
Event: 14.202 Executing VM operation: G1CollectForAllocation
Event: 14.205 Executing VM operation: G1CollectForAllocation done
Event: 14.235 Executing VM operation: G1CollectForAllocation

Events (20 events):
Event: 13.839 loading class java/util/zip/ZipInputStream done
Event: 13.845 loading class java/nio/file/FileChannelLinesSpliterator
Event: 13.845 loading class java/nio/file/FileChannelLinesSpliterator done
Event: 13.846 loading class java/util/stream/Streams$1
Event: 13.846 loading class java/util/stream/Streams$1 done
Event: 13.854 loading class java/nio/file/FileChannelLinesSpliterator$1
Event: 13.854 loading class java/nio/file/FileChannelLinesSpliterator$1 done
Event: 13.879 Thread 0x000001ed0b178180 Thread added: 0x000001ed0b178180
Event: 13.890 Thread 0x000001ed0b178c20 Thread added: 0x000001ed0b178c20
Event: 14.186 Thread 0x000001ed08514ed0 Thread added: 0x000001ed08514ed0
Event: 14.186 Thread 0x000001ed08511720 Thread added: 0x000001ed08511720
Event: 14.186 Thread 0x000001ed08516d30 Thread added: 0x000001ed08516d30
Event: 14.186 Thread 0x000001ed085153e0 Thread added: 0x000001ed085153e0
Event: 14.186 Thread 0x000001ed08517240 Thread added: 0x000001ed08517240
Event: 14.187 Thread 0x000001ed08517750 Thread added: 0x000001ed08517750
Event: 14.187 Thread 0x000001ed085158f0 Thread added: 0x000001ed085158f0
Event: 14.187 Thread 0x000001ed08515e00 Thread added: 0x000001ed08515e00
Event: 14.187 Thread 0x000001ed08516310 Thread added: 0x000001ed08516310
Event: 14.187 Thread 0x000001ed08516820 Thread added: 0x000001ed08516820
Event: 14.188 Thread 0x000001ed0e49b010 Thread added: 0x000001ed0e49b010


Dynamic libraries:
0x00007ff72d1a0000 - 0x00007ff72d1b0000 	C:\Program Files\Java\jdk-17\bin\java.exe
0x00007ff883920000 - 0x00007ff883b86000 	C:\WINDOWS\SYSTEM32\ntdll.dll
0x00007ff882890000 - 0x00007ff882959000 	C:\WINDOWS\System32\KERNEL32.DLL
0x00007ff880b40000 - 0x00007ff880f3e000 	C:\WINDOWS\System32\KERNELBASE.dll
0x00007ff880f50000 - 0x00007ff88109c000 	C:\WINDOWS\System32\ucrtbase.dll
0x00007ff8465a0000 - 0x00007ff8465bb000 	C:\Program Files\Java\jdk-17\bin\VCRUNTIME140.dll
0x00007ff847210000 - 0x00007ff847229000 	C:\Program Files\Java\jdk-17\bin\jli.dll
0x00007ff8831a0000 - 0x00007ff883257000 	C:\WINDOWS\System32\ADVAPI32.dll
0x00007ff882c10000 - 0x00007ff882cb9000 	C:\WINDOWS\System32\msvcrt.dll
0x00007ff8823a0000 - 0x00007ff88244a000 	C:\WINDOWS\System32\sechost.dll
0x00007ff8837c0000 - 0x00007ff8838d8000 	C:\WINDOWS\System32\RPCRT4.dll
0x00007ff883260000 - 0x00007ff883427000 	C:\WINDOWS\System32\USER32.dll
0x00007ff8814a0000 - 0x00007ff8814c7000 	C:\WINDOWS\System32\win32u.dll
0x00007ff883160000 - 0x00007ff88318b000 	C:\WINDOWS\System32\GDI32.dll
0x00007ff87fca0000 - 0x00007ff87ff32000 	C:\WINDOWS\WinSxS\amd64_microsoft.windows.common-controls_6595b64144ccf1df_6.0.26100.8875_none_3e0d5d42e32fe9dd\COMCTL32.dll
0x00007ff881370000 - 0x00007ff88149a000 	C:\WINDOWS\System32\gdi32full.dll
0x00007ff881230000 - 0x00007ff8812d3000 	C:\WINDOWS\System32\msvcp_win.dll
0x00007ff87e330000 - 0x00007ff87e33b000 	C:\WINDOWS\SYSTEM32\VERSION.dll
0x00007ff882ad0000 - 0x00007ff882b02000 	C:\WINDOWS\System32\IMM32.DLL
0x00007ff853250000 - 0x00007ff85325c000 	C:\Program Files\Java\jdk-17\bin\vcruntime140_1.dll
0x00007ff83b1b0000 - 0x00007ff83b23e000 	C:\Program Files\Java\jdk-17\bin\msvcp140.dll
0x00007fffc3c90000 - 0x00007fffc4870000 	C:\Program Files\Java\jdk-17\bin\server\jvm.dll
0x00007ff882cc0000 - 0x00007ff882cc8000 	C:\WINDOWS\System32\PSAPI.DLL
0x00007ff862bb0000 - 0x00007ff862bba000 	C:\WINDOWS\SYSTEM32\WSOCK32.dll
0x00007ff8721c0000 - 0x00007ff8721f6000 	C:\WINDOWS\SYSTEM32\WINMM.dll
0x00007ff882800000 - 0x00007ff882880000 	C:\WINDOWS\System32\WS2_32.dll
0x00007ff87f150000 - 0x00007ff87f16b000 	C:\WINDOWS\SYSTEM32\kernel.appcore.dll
0x00007ff853190000 - 0x00007ff85319a000 	C:\Program Files\Java\jdk-17\bin\jimage.dll
0x00007ff8804f0000 - 0x00007ff880732000 	C:\WINDOWS\SYSTEM32\DBGHELP.DLL
0x00007ff883430000 - 0x00007ff8837b3000 	C:\WINDOWS\System32\combase.dll
0x00007ff881830000 - 0x00007ff881909000 	C:\WINDOWS\System32\OLEAUT32.dll
0x00007ff880270000 - 0x00007ff8802ab000 	C:\WINDOWS\SYSTEM32\dbgcore.DLL
0x00007ff8814d0000 - 0x00007ff88157c000 	C:\WINDOWS\System32\bcryptPrimitives.dll
0x00007ff83ce10000 - 0x00007ff83ce1e000 	C:\Program Files\Java\jdk-17\bin\instrument.dll
0x00007ff8448e0000 - 0x00007ff844905000 	C:\Program Files\Java\jdk-17\bin\java.dll
0x00007ff837b40000 - 0x00007ff837c17000 	C:\Program Files\Java\jdk-17\bin\jsvml.dll
0x00007ff881c00000 - 0x00007ff882392000 	C:\WINDOWS\System32\SHELL32.dll
0x00007ff87d5e0000 - 0x00007ff87de72000 	C:\WINDOWS\SYSTEM32\windows.storage.dll
0x00007ff882b10000 - 0x00007ff882c07000 	C:\WINDOWS\System32\SHCORE.dll
0x00007ff881b80000 - 0x00007ff881be7000 	C:\WINDOWS\System32\shlwapi.dll
0x00007ff880a60000 - 0x00007ff880a89000 	C:\WINDOWS\SYSTEM32\profapi.dll
0x00007ff83ce20000 - 0x00007ff83ce38000 	C:\Program Files\Java\jdk-17\bin\zip.dll
0x00007ff8448c0000 - 0x00007ff8448d9000 	C:\Program Files\Java\jdk-17\bin\net.dll
0x00007ff87f4e0000 - 0x00007ff87f607000 	C:\WINDOWS\SYSTEM32\WINHTTP.dll
0x00007ff87ede0000 - 0x00007ff87ee4c000 	C:\WINDOWS\system32\mswsock.dll
0x00007ff843810000 - 0x00007ff843826000 	C:\Program Files\Java\jdk-17\bin\nio.dll
0x00007ff846590000 - 0x00007ff8465a0000 	C:\Program Files\Java\jdk-17\bin\verify.dll
0x00007ff855550000 - 0x00007ff855577000 	C:\Users\Imesh\.gradle\native\c067742578af261105cb4f569cf0c3c89f3d7b1fecec35dd04571415982c5e48\windows-amd64\native-platform.dll
0x00007ff83c430000 - 0x00007ff83c574000 	C:\Users\Imesh\.gradle\native\100fb08df4bc3b14c8652ba06237920a3bd2aa13389f12d3474272988ae205f9\windows-amd64\native-platform-file-events.dll
0x00007ff845aa0000 - 0x00007ff845aaa000 	C:\Program Files\Java\jdk-17\bin\management.dll
0x00007ff844650000 - 0x00007ff84465b000 	C:\Program Files\Java\jdk-17\bin\management_ext.dll
0x00007ff880760000 - 0x00007ff88077b000 	C:\WINDOWS\SYSTEM32\CRYPTSP.dll
0x00007ff87e830000 - 0x00007ff87e869000 	C:\WINDOWS\system32\rsaenh.dll
0x00007ff87f080000 - 0x00007ff87f0b2000 	C:\WINDOWS\SYSTEM32\USERENV.dll
0x00007ff880a30000 - 0x00007ff880a5a000 	C:\WINDOWS\SYSTEM32\bcrypt.dll
0x00007ff87efd0000 - 0x00007ff87efdc000 	C:\WINDOWS\SYSTEM32\CRYPTBASE.dll
0x00007ff87e290000 - 0x00007ff87e2c3000 	C:\WINDOWS\SYSTEM32\IPHLPAPI.DLL
0x00007ff883190000 - 0x00007ff88319a000 	C:\WINDOWS\System32\NSI.dll
0x00007ff87f7e0000 - 0x00007ff87f7fd000 	C:\WINDOWS\SYSTEM32\dhcpcsvc6.DLL
0x00007ff87f790000 - 0x00007ff87f7b5000 	C:\WINDOWS\SYSTEM32\dhcpcsvc.DLL
0x00007ff87e340000 - 0x00007ff87e496000 	C:\WINDOWS\SYSTEM32\DNSAPI.dll
0x00007ff87ec00000 - 0x00007ff87ec0d000 	C:\WINDOWS\SYSTEM32\DSPARSE.dll
0x00007ff83ce00000 - 0x00007ff83ce0e000 	C:\Program Files\Java\jdk-17\bin\sunmscapi.dll
0x00007ff8810b0000 - 0x00007ff881228000 	C:\WINDOWS\System32\CRYPT32.dll
0x00007ff87fc60000 - 0x00007ff87fc90000 	C:\WINDOWS\SYSTEM32\ncrypt.dll
0x00007ff87fc10000 - 0x00007ff87fc4f000 	C:\WINDOWS\SYSTEM32\NTASN1.dll
0x00007ff837290000 - 0x00007ff837298000 	C:\WINDOWS\system32\wshunix.dll

dbghelp: loaded successfully - version: 4.0.5 - missing functions: none
symbol engine: initialized successfully - sym options: 0x614 - pdb path: .;C:\Program Files\Java\jdk-17\bin;C:\WINDOWS\SYSTEM32;C:\WINDOWS\WinSxS\amd64_microsoft.windows.common-controls_6595b64144ccf1df_6.0.26100.8875_none_3e0d5d42e32fe9dd;C:\Program Files\Java\jdk-17\bin\server;C:\Users\Imesh\.gradle\native\c067742578af261105cb4f569cf0c3c89f3d7b1fecec35dd04571415982c5e48\windows-amd64;C:\Users\Imesh\.gradle\native\100fb08df4bc3b14c8652ba06237920a3bd2aa13389f12d3474272988ae205f9\windows-amd64

VM Arguments:
jvm_args: --add-opens=java.base/java.util=ALL-UNNAMED --add-opens=java.base/java.lang=ALL-UNNAMED --add-opens=java.base/java.lang.invoke=ALL-UNNAMED --add-opens=java.prefs/java.util.prefs=ALL-UNNAMED --add-exports=jdk.compiler/com.sun.tools.javac.api=ALL-UNNAMED --add-exports=jdk.compiler/com.sun.tools.javac.util=ALL-UNNAMED --add-opens=java.base/java.nio.charset=ALL-UNNAMED --add-opens=java.base/java.net=ALL-UNNAMED --add-opens=java.base/java.util.concurrent.atomic=ALL-UNNAMED -Xmx2048m -Dfile.encoding=UTF-8 -Duser.country=US -Duser.language=en -Duser.variant -javaagent:C:\Users\Imesh\.gradle\wrapper\dists\gradle-8.9-bin\90cnw93cvbtalezasaz0blq0a\gradle-8.9\lib\agents\gradle-instrumentation-agent-8.9.jar 
java_command: org.gradle.launcher.daemon.bootstrap.GradleDaemon 8.9
java_class_path (initial): C:\Users\Imesh\.gradle\wrapper\dists\gradle-8.9-bin\90cnw93cvbtalezasaz0blq0a\gradle-8.9\lib\gradle-daemon-main-8.9.jar
Launcher Type: SUN_STANDARD

[Global flags]
     intx CICompilerCount                          = 4                                         {product} {ergonomic}
     uint ConcGCThreads                            = 3                                         {product} {ergonomic}
     uint G1ConcRefinementThreads                  = 10                                        {product} {ergonomic}
   size_t G1HeapRegionSize                         = 1048576                                   {product} {ergonomic}
    uintx GCDrainStackTargetSize                   = 64                                        {product} {ergonomic}
   size_t InitialHeapSize                          = 264241152                                 {product} {ergonomic}
   size_t MarkStackSize                            = 4194304                                   {product} {ergonomic}
   size_t MaxHeapSize                              = 2147483648                                {product} {command line}
   size_t MaxNewSize                               = 1287651328                                {product} {ergonomic}
   size_t MinHeapDeltaBytes                        = 1048576                                   {product} {ergonomic}
   size_t MinHeapSize                              = 8388608                                   {product} {ergonomic}
    uintx NonNMethodCodeHeapSize                   = 5839372                                {pd product} {ergonomic}
    uintx NonProfiledCodeHeapSize                  = 122909434                              {pd product} {ergonomic}
    uintx ProfiledCodeHeapSize                     = 122909434                              {pd product} {ergonomic}
    uintx ReservedCodeCacheSize                    = 251658240                              {pd product} {ergonomic}
     bool SegmentedCodeCache                       = true                                      {product} {ergonomic}
   size_t SoftMaxHeapSize                          = 2147483648                             {manageable} {ergonomic}
     bool UseCompressedClassPointers               = true                           {product lp64_product} {ergonomic}
     bool UseCompressedOops                        = true                           {product lp64_product} {ergonomic}
     bool UseG1GC                                  = true                                      {product} {ergonomic}
     bool UseLargePagesIndividualAllocation        = false                                  {pd product} {ergonomic}

Logging:
Log output configuration:
 #0: stdout all=warning uptime,level,tags
 #1: stderr all=off uptime,level,tags

Environment Variables:
JAVA_HOME=C:\Program Files\Java\jdk-17
CLASSPATH=C:\Users\Imesh\AndroidStudioProjects\ECommerceApp\\gradle\wrapper\gradle-wrapper.jar
PATH=C:/Users/Imesh/.gemini/antigravity-cli/bin;C:\Program Files\Java\jdk-17\bin;C:\Program Files\apache-maven-3.9.4\bin;C:\Python311\Scripts\;C:\Python311\;C:\xampp\php;C:\WINDOWS\system32;C:\WINDOWS;C:\WINDOWS\System32\Wbem;C:\WINDOWS\System32\WindowsPowerShell\v1.0\;C:\WINDOWS\System32\OpenSSH\;C:\Program Files\PuTTY\;C:\Program Files\dotnet\;C:\ProgramData\ComposerSetup\bin;C:\Program Files\Google\Chrome\Application;C:\Program Files\John\run;C:\Program Files\cursor\resources\app\bin;C:\Users\Imesh\AppData\Local\Android\Sdk\platform-tools;C:\Program Files\Git\cmd;C:\Program Files\nodejs\;C:\Program Files\Java\jdk-17\bin;C:\Program Files\apache-maven-3.9.4\bin;C:\Python311\Scripts\;C:\Python311\;C:\xampp\php;C:\WINDOWS\system32;C:\WINDOWS;C:\WINDOWS\System32\Wbem;C:\WINDOWS\System32\WindowsPowerShell\v1.0\;C:\WINDOWS\System32\OpenSSH\;C:\Program Files\PuTTY\;C:\Program Files\dotnet\;C:\ProgramData\ComposerSetup\bin;C:\Program Files\Google\Chrome\Application;C:\Program Files\John\run;C:\Program Files\cursor\resources\app\bin;C:\Users\Imesh\AppData\Local\Android\Sdk\platform-tools;C:\Program Files\Git\cmd;C:\Program Files\nodejs\;C:\Users\Imesh\AppData\Local\agy\bin;C:\Program Files\MySQL\MySQL Shell 8.0\bin\;C:\Users\Imesh\AppData\Local\Microsoft\WindowsApps;C:\Users\Imesh\AppData\Local\Programs\Microsoft VS Code\bin;C:\Users\Imesh\.dotnet\tools;C:\Users\Imesh\AppData\Roaming\Composer\vendor\bin;C:\Users\Imesh\AppData\Local\GitHubDesktop\bin;C:\Program Files (x86)\Nmap;C:\Users\Imesh\AppData\Local\Programs\cursor\resources\app\bin;C:\Users\Imesh\AppData\Local\Microsoft\WinGet\Links;C:\Users\Imesh\AppData\Roaming\npm;C:\Users\Imesh\Flutter\bin;C:\Users\Imesh\AppData\Local\Programs\Ollama;C:\Users\Imesh\.local\bin;C:\Users\Imesh\.local\bin;
USERNAME=Imesh
OS=Windows_NT
PROCESSOR_IDENTIFIER=Intel64 Family 6 Model 141 Stepping 1, GenuineIntel



---------------  S Y S T E M  ---------------

OS:
 Windows 11 , 64 bit Build 26100 (10.0.26100.8875)
OS uptime: 1 days 12:36 hours
Hyper-V role detected

CPU: total 12 (initial active 12) (6 cores per cpu, 2 threads per core) family 6 model 141 stepping 1 microcode 0x50, cx8, cmov, fxsr, ht, mmx, 3dnowpref, sse, sse2, sse3, ssse3, sse4.1, sse4.2, popcnt, lzcnt, tsc, tscinvbit, avx, avx2, aes, erms, clmul, bmi1, bmi2, adx, avx512f, avx512dq, avx512cd, avx512bw, avx512vl, sha, fma, vzeroupper, avx512_vpopcntdq, avx512_vpclmulqdq, avx512_vaes, avx512_vnni, clflush, clflushopt, clwb, avx512_vbmi2, avx512_vbmi, hv

Memory: 4k page, system-wide physical 16106M (5259M free)
TotalPageFile size 20202M (AvailPageFile size 104M)
current process WorkingSet (physical memory assigned to process): 429M, peak: 465M
current process commit charge ("private bytes"): 557M, peak: 688M

vm_info: Java HotSpot(TM) 64-Bit Server VM (17.0.12+8-LTS-286) for windows-amd64 JRE (17.0.12+8-LTS-286), built on Jun  5 2024 06:46:59 by "mach5one" with MS VC++ 17.6 (VS2022)

END.
